Score,Education,JoiningYear,City,PaymentTier,Age,Gender,EverBenched,ExperienceInCurrentDomain,LeaveOrNot,ID
25,Bachelors,2017,Bangalore,3,0,1,No,1,1,1583
100,Bachelors,2012,Bangalore,3,0,1,No,5,0,1794
70,Masters,2017,New Delhi,3,0,1,Yes,2,0,417
70,Bachelors,2017,Bangalore,3,0,0,No,2,0,3481
100,Bachelors,2013,Bangalore,3,0,0,No,3,0,1948
70,Bachelors,2017,Bangalore,3,0,1,No,1,0,4564
25,Masters,2018,Pune,3,0,1,No,2,1,1086
100,Bachelors,2012,Bangalore,3,0,0,No,4,0,2590
100,Bachelors,2016,Bangalore,3,0,0,No,4,0,4089
55,Masters,2013,Pune,3,0,1,Yes,3,1,1152
100,Bachelors,2014,Bangalore,3,0,0,No,4,0,2185
100,Bachelors,2013,Bangalore,3,0,0,No,5,0,3975
110,PHD,2014,Bangalore,3,0,1,No,5,0,2901
70,Bachelors,2017,Bangalore,3,0,1,No,3,0,823
100,Bachelors,2013,New Delhi,3,0,1,No,4,0,1643
100,Bachelors,2013,Pune,3,0,1,No,1,0,3535
55,Bachelors,2014,Bangalore,3,0,1,No,3,1,3243
55,Bachelors,2013,Pune,3,0,0,No,5,1,2563
100,Bachelors,2013,Bangalore,3,0,1,No,0,0,3396
55,Bachelors,2016,Pune,3,0,1,No,0,1,3500
100,Bachelors,2014,Bangalore,3,0,1,No,3,0,1271
100,Bachelors,2012,Bangalore,3,0,1,No,4,0,1700
100,Bachelors,2013,New Delhi,3,0,0,No,2,0,2685
100,Bachelors,2015,Bangalore,3,0,1,No,5,0,2927
100,Bachelors,2015,Bangalore,3,0,1,No,5,0,1503
100,Bachelors,2015,Bangalore,3,1,1,No,4,0,4470
100,Bachelors,2013,New Delhi,3,0,0,Yes,5,0,421
100,Bachelors,2016,Pune,3,0,1,No,5,0,2595
100,Bachelors,2013,Bangalore,3,0,1,No,4,0,175
100,Bachelors,2016,Pune,3,0,1,No,2,0,597
100,Bachelors,2012,Bangalore,3,0,0,No,3,0,747
100,Masters,2014,New Delhi,3,0,0,No,3,0,1664
70,Bachelors,2017,New Delhi,3,0,0,No,3,0,3995
100,Bachelors,2016,Bangalore,3,0,1,No,4,0,2457
25,Bachelors,2018,Bangalore,3,0,1,No,3,1,1316
70,Bachelors,2017,New Delhi,3,0,0,No,5,0,363
25,Bachelors,2018,Pune,3,0,1,No,1,1,679
110,PHD,2016,Bangalore,3,0,1,No,5,0,962
55,Bachelors,2012,Bangalore,3,0,1,No,4,1,2067
100,Bachelors,2014,Bangalore,3,0,1,No,1,0,1989
100,Bachelors,2012,Bangalore,3,0,1,Yes,3,0,503
70,Bachelors,2017,Bangalore,3,0,0,No,5,0,2723
70,Bachelors,2017,Bangalore,3,0,0,No,3,0,3863
55,Bachelors,2015,Pune,3,0,0,No,2,1,2113
100,Bachelors,2012,Bangalore,3,0,1,No,4,0,4453
70,Bachelors,2017,Bangalore,3,0,1,No,1,0,3074
70,Bachelors,2017,Bangalore,3,0,1,No,4,0,2838
55,Bachelors,2015,Pune,3,0,0,No,2,1,4425
70,Bachelors,2017,Bangalore,3,0,1,Yes,5,0,1251
100,Masters,2016,New Delhi,3,1,0,No,4,0,3959
100,Bachelors,2016,Bangalore,3,0,0,No,2,0,1322
55,Masters,2013,New Delhi,3,0,1,No,4,1,2194
25,Bachelors,2018,Bangalore,3,0,1,Yes,1,1,3399
100,Bachelors,2013,Pune,3,0,1,No,4,0,2606
100,Bachelors,2013,Bangalore,3,0,0,No,4,0,2968
100,Bachelors,2012,Pune,3,0,1,No,1,0,3281
70,Bachelors,2017,Bangalore,3,0,1,No,2,0,1133
55,Bachelors,2014,Bangalore,3,0,0,No,2,1,3043
100,Bachelors,2014,Bangalore,3,0,1,Yes,1,0,3897
55,Bachelors,2012,Pune,3,0,0,No,3,1,1512
25,Bachelors,2018,New Delhi,3,0,0,Yes,4,1,376
100,Bachelors,2013,Pune,3,0,1,No,4,0,988
100,Bachelors,2016,Bangalore,3,0,1,No,0,0,3240
100,Bachelors,2014,Bangalore,3,0,1,No,1,0,2751
100,Bachelors,2013,Bangalore,3,0,1,Yes,4,0,2383
100,Bachelors,2013,Bangalore,3,0,1,No,0,0,4278
70,Masters,2017,New Delhi,3,0,0,No,3,0,1093
55,Masters,2012,New Delhi,3,0,1,No,4,1,874
70,Bachelors,2017,New Delhi,3,0,0,No,3,0,279
100,Bachelors,2012,New Delhi,3,0,0,No,4,0,1303
100,Bachelors,2012,Bangalore,3,0,0,No,2,0,3539
70,Bachelors,2017,Bangalore,3,0,1,No,2,0,3050
100,Masters,2014,Pune,3,0,1,No,4,0,3438
55,Bachelors,2014,Pune,3,0,0,No,3,1,1280
100,Bachelors,2015,Bangalore,3,0,1,No,2,0,2031
25,Bachelors,2018,Bangalore,3,0,0,No,2,1,1555
100,Bachelors,2015,Bangalore,3,0,1,No,1,0,4251
100,Bachelors,2015,Bangalore,3,0,1,No,2,0,2377
100,Bachelors,2012,Bangalore,3,0,0,No,4,0,841
70,Bachelors,2017,Bangalore,3,0,0,No,1,0,2188
25,Bachelors,2017,Bangalore,3,0,1,No,4,1,4591
70,Bachelors,2017,Bangalore,3,0,1,Yes,4,0,1935
100,Bachelors,2012,Bangalore,3,0,1,No,1,0,4444
100,Bachelors,2014,Bangalore,3,0,1,No,1,0,4427
100,Masters,2013,New Delhi,3,1,0,No,2,0,3809
55,Bachelors,2012,Pune,3,0,0,No,2,1,1878
25,Bachelors,2018,Bangalore,3,0,0,No,2,1,647
100,Bachelors,2013,Bangalore,3,0,1,No,5,0,1186
55,Masters,2014,New Delhi,3,0,0,No,0,1,4637
70,Bachelors,2017,New Delhi,3,0,1,No,5,0,1917
100,Bachelors,2015,Bangalore,3,0,1,No,0,0,4186
100,Bachelors,2014,Bangalore,3,0,1,No,4,0,1013
100,Bachelors,2013,Bangalore,3,0,1,No,5,0,3523
100,Bachelors,2013,Bangalore,3,0,1,No,2,0,4482
55,Masters,2012,New Delhi,3,0,0,No,2,1,323
55,Masters,2012,Pune,3,0,1,No,4,1,2825
100,Bachelors,2014,Pune,3,0,1,No,1,0,2663
100,Bachelors,2016,Pune,3,1,1,No,5,0,3767
100,Bachelors,2012,Bangalore,3,0,1,No,4,0,3292
65,PHD,2015,New Delhi,3,0,1,No,2,1,2166
70,Bachelors,2017,Bangalore,3,0,1,No,2,0,1920
55,Masters,2014,Bangalore,3,0,0,No,2,1,3207
55,Masters,2013,Pune,3,0,0,Yes,5,1,2541
100,Bachelors,2015,Pune,3,0,1,No,5,0,2714
100,Bachelors,2016,Pune,3,0,1,No,1,0,2629
25,Bachelors,2018,Bangalore,3,0,0,No,4,1,1715
25,Bachelors,2018,Bangalore,3,0,1,No,2,1,788
100,Bachelors,2014,Bangalore,3,0,0,No,3,0,654
100,Bachelors,2012,Pune,3,0,1,No,4,0,2979
70,Bachelors,2017,New Delhi,3,0,0,No,4,0,3664
100,Bachelors,2015,Bangalore,3,0,1,No,4,0,2694
100,Bachelors,2014,Bangalore,3,0,1,No,0,0,4494
100,Bachelors,2012,Bangalore,3,0,1,No,4,0,3151
100,Bachelors,2015,Bangalore,3,0,1,No,1,0,4076
55,Bachelors,2015,Pune,3,0,0,No,3,1,2501
100,Bachelors,2015,Bangalore,3,0,1,No,0,0,3270
100,Bachelors,2016,Bangalore,3,0,1,Yes,3,0,785
55,Masters,2013,New Delhi,3,1,0,No,2,1,3514
55,Bachelors,2016,Bangalore,3,1,1,No,0,1,3439
110,PHD,2015,New Delhi,3,0,0,No,5,0,2670
100,Bachelors,2014,Bangalore,3,0,1,No,4,0,994
70,Bachelors,2017,Bangalore,3,0,0,No,4,0,1707
100,Bachelors,2013,New Delhi,3,0,1,No,4,0,2503
25,Masters,2017,New Delhi,3,0,0,No,2,1,1218
100,Bachelors,2014,New Delhi,3,0,0,No,2,0,179
70,Bachelors,2017,Bangalore,3,0,1,No,5,0,2937
55,Masters,2013,Bangalore,3,0,1,No,5,1,2517
100,Bachelors,2016,Bangalore,3,0,1,No,4,0,176
25,Bachelors,2018,New Delhi,3,0,0,No,3,1,535
100,Bachelors,2014,Bangalore,3,0,1,No,4,0,4350
100,Bachelors,2015,Bangalore,3,0,1,No,5,0,1790
70,Bachelors,2017,Bangalore,3,0,1,No,4,0,2923
100,Bachelors,2014,Bangalore,3,0,1,No,5,0,4046
70,Masters,2017,Bangalore,3,1,0,No,4,0,3003
100,Bachelors,2016,Bangalore,3,0,1,Yes,4,0,1848
100,Bachelors,2013,Bangalore,3,0,1,No,5,0,2326
100,Bachelors,2012,Pune,3,0,1,No,2,0,3165
55,Bachelors,2014,Bangalore,3,0,1,No,0,1,3944
100,Bachelors,2014,Pune,3,0,1,No,3,0,1905
100,Bachelors,2016,Bangalore,3,1,1,No,1,0,3115
55,Masters,2013,New Delhi,3,0,1,Yes,3,1,773
55,Bachelors,2012,Bangalore,3,0,1,No,4,1,124
55,Bachelors,2014,Bangalore,3,0,0,No,3,1,678
25,Bachelors,2018,Bangalore,3,0,1,No,4,1,905
25,Masters,2017,New Delhi,3,0,1,No,4,1,2227
55,Masters,2015,Pune,3,0,1,No,3,1,1417
100,Masters,2014,New Delhi,3,0,1,No,2,0,3452
70,Bachelors,2017,Bangalore,3,0,1,No,1,0,2925
55,Bachelors,2015,Pune,3,0,0,No,2,1,4611
55,Bachelors,2014,Bangalore,3,0,1,No,5,1,3457
100,Bachelors,2016,Bangalore,3,0,1,No,4,0,2374
55,Bachelors,2015,Pune,3,0,0,No,2,1,1897
55,Bachelors,2015,Pune,3,0,0,No,1,1,2459
100,Bachelors,2016,Bangalore,3,0,1,No,5,0,320
100,Bachelors,2012,Bangalore,3,0,1,No,5,0,2468
25,Bachelors,2018,Bangalore,3,0,0,No,2,1,3894
70,Bachelors,2017,Bangalore,3,0,1,No,5,0,4412
100,Bachelors,2013,Bangalore,3,0,0,No,3,0,157
100,Bachelors,2015,Bangalore,3,0,0,No,5,0,194
100,Bachelors,2012,Bangalore,3,0,0,No,0,0,2862
100,Bachelors,2012,Bangalore,3,0,1,Yes,0,0,3719
70,Bachelors,2017,New Delhi,3,0,0,No,3,0,1283
25,Masters,2018,New Delhi,3,0,0,No,2,1,2976
55,Masters,2016,Pune,3,0,1,No,4,1,2837
55,Bachelors,2013,Bangalore,3,0,1,No,5,1,4042
100,Bachelors,2016,Bangalore,3,0,0,No,1,0,2439
25,Masters,2018,New Delhi,3,0,0,No,2,1,4398
55,Bachelors,2014,Bangalore,3,0,1,No,4,1,2585
100,Masters,2015,New Delhi,3,0,0,No,2,0,3579
100,Bachelors,2016,Bangalore,3,0,1,No,0,0,4226
55,Bachelors,2016,Bangalore,3,0,0,No,5,1,563
100,Bachelors,2016,Pune,3,0,1,No,4,0,2118
100,Bachelors,2016,Bangalore,3,0,0,No,0,0,3252
100,Bachelors,2012,Bangalore,3,0,1,No,1,0,3912
100,Bachelors,2015,Bangalore,3,0,1,No,2,0,408
100,Bachelors,2016,Bangalore,3,0,1,No,3,0,1777
100,Bachelors,2016,Bangalore,3,0,1,No,2,0,3637
70,Bachelors,2017,Bangalore,3,0,1,No,4,0,3657
70,Masters,2017,Pune,3,0,0,No,2,0,1279
80,PHD,2017,New Delhi,3,0,1,No,5,0,2709
100,Bachelors,2012,Bangalore,3,0,0,Yes,0,0,2733
55,Bachelors,2012,Bangalore,3,0,0,No,3,1,4001
100,Bachelors,2014,New Delhi,3,0,1,No,1,0,2391
100,Bachelors,2013,Pune,3,0,0,Yes,4,0,855
100,Bachelors,2014,Bangalore,3,0,1,No,5,0,2860
55,Bachelors,2014,Bangalore,3,0,1,No,3,1,95
70,Bachelors,2017,New Delhi,3,0,1,No,1,0,2473
55,Bachelors,2013,Bangalore,3,0,1,No,2,1,1667
70,Masters,2017,Pune,3,0,1,No,1,0,3552
100,Bachelors,2014,Bangalore,3,0,1,No,1,0,1826
55,Masters,2014,New Delhi,3,0,1,Yes,2,1,4006
100,Bachelors,2014,Bangalore,3,0,0,Yes,5,0,54
25,Masters,2018,New Delhi,3,0,0,No,2,1,4515
100,Bachelors,2012,Bangalore,3,0,1,No,4,0,3125
100,Bachelors,2014,Bangalore,3,0,1,No,1,0,2017
55,Masters,2015,New Delhi,3,0,1,No,0,1,3424
55,Bachelors,2015,Bangalore,3,0,0,No,4,1,839
25,Bachelors,2018,Bangalore,3,0,1,No,2,1,2752
55,Bachelors,2013,New Delhi,3,0,0,No,5,1,2944
100,Bachelors,2015,Bangalore,3,0,0,No,5,0,1435
110,PHD,2016,New Delhi,3,0,0,No,2,0,832
100,Bachelors,2012,Bangalore,3,0,0,No,4,0,1308
25,Bachelors,2017,Pune,3,0,0,No,4,1,2006
110,PHD,2015,New Delhi,3,0,1,No,3,0,4280
110,PHD,2013,New Delhi,3,0,0,Yes,5,0,2139
25,Bachelors,2018,Bangalore,3,0,0,No,2,1,831
70,Bachelors,2017,Bangalore,3,0,1,No,2,0,1988
55,Bachelors,2013,New Delhi,3,0,0,No,3,1,2844
100,Bachelors,2012,Pune,3,0,1,No,3,0,1475
55,Bachelors,2015,Bangalore,3,0,0,No,5,1,2032
100,Bachelors,2014,Bangalore,3,0,1,No,1,0,3332
100,Bachelors,2012,New Delhi,3,0,0,No,2,0,402
100,Bachelors,2014,Pune,3,0,1,No,4,0,1585
100,Masters,2014,New Delhi,3,0,1,No,3,0,876
55,Bachelors,2015,Bangalore,3,0,1,No,2,1,3732
100,Bachelors,2014,Bangalore,3,0,0,No,5,0,2683
100,Bachelors,2015,New Delhi,3,0,0,No,3,0,1856
25,Masters,2018,New Delhi,3,0,0,No,2,1,4528
100,Bachelors,2012,Bangalore,3,0,1,No,3,0,1076
100,Bachelors,2014,Pune,3,1,1,No,5,0,3170
100,Bachelors,2015,Bangalore,3,0,1,No,1,0,3906
100,Bachelors,2016,Bangalore,3,0,0,No,3,0,498
25,Bachelors,2017,Bangalore,3,0,1,No,4,1,2094
55,Bachelors,2015,Pune,3,0,0,No,3,1,1358
70,Bachelors,2017,Bangalore,3,0,1,No,4,0,2537
25,Bachelors,2018,Bangalore,3,0,1,Yes,2,1,3057
100,Bachelors,2012,Bangalore,3,0,1,No,5,0,1113
100,Bachelors,2015,Bangalore,3,0,0,No,5,0,111
70,Masters,2017,New Delhi,3,0,0,No,4,0,2839
100,Bachelors,2013,Bangalore,3,0,0,No,4,0,750
100,Bachelors,2014,Pune,3,0,1,No,4,0,567
25,Bachelors,2018,Bangalore,3,0,1,Yes,2,1,2441
55,Bachelors,2015,Bangalore,3,0,0,No,3,1,3316
55,Bachelors,2013,Bangalore,3,0,0,No,3,1,1054
55,Bachelors,2014,Bangalore,3,0,1,No,1,1,1010
100,Bachelors,2012,Bangalore,3,0,1,No,4,0,1552
100,Bachelors,2016,Bangalore,3,0,0,No,4,0,656
100,Bachelors,2015,New Delhi,3,0,1,No,1,0,3554
70,Bachelors,2017,Bangalore,3,0,1,No,2,0,739
70,Bachelors,2017,Bangalore,3,0,0,No,4,0,3249
100,Bachelors,2015,Pune,3,0,1,No,0,0,4306
55,Bachelors,2016,Bangalore,3,0,0,No,3,1,3901
100,Bachelors,2016,Bangalore,3,0,1,No,2,0,3428
100,Bachelors,2013,Bangalore,3,0,1,No,5,0,2562
100,Bachelors,2014,Bangalore,3,0,0,No,4,0,3449
55,Bachelors,2013,Bangalore,3,0,0,No,4,1,1102
25,Bachelors,2017,New Delhi,3,0,1,No,2,1,242
70,Bachelors,2017,Bangalore,3,0,0,No,2,0,1818
100,Bachelors,2013,Bangalore,3,0,1,No,2,0,984
100,Bachelors,2015,Bangalore,3,0,1,No,3,0,3060
100,Bachelors,2014,Bangalore,3,0,1,No,3,0,1986
110,PHD,2016,Pune,3,0,0,No,4,0,3748
100,Bachelors,2015,Bangalore,3,0,1,No,0,0,1298
55,Bachelors,2016,Bangalore,3,0,0,No,5,1,3159
80,PHD,2017,Bangalore,3,0,0,No,2,0,1840
100,Bachelors,2015,New Delhi,3,0,0,No,4,0,2216
100,Bachelors,2014,Bangalore,3,0,1,No,5,0,2425
100,Bachelors,2014,New Delhi,3,0,1,No,0,0,68
110,PHD,2015,Bangalore,3,0,0,No,1,0,2231
100,Bachelors,2015,New Delhi,3,0,0,Yes,1,0,2757
100,Bachelors,2015,Bangalore,3,0,1,No,1,0,4414
100,Bachelors,2013,Bangalore,3,0,0,No,4,0,2706
100,Bachelors,2016,Bangalore,3,0,1,No,4,0,2696
25,Bachelors,2018,Pune,3,0,1,No,5,1,2861
70,Bachelors,2017,Bangalore,3,0,1,No,3,0,822
25,Masters,2018,New Delhi,3,0,1,No,4,1,136
100,Bachelors,2013,Bangalore,3,0,0,No,5,0,4644
100,Bachelors,2014,Pune,3,0,1,No,4,0,2637
100,Bachelors,2014,Bangalore,3,0,0,No,3,0,4325
100,Bachelors,2016,Bangalore,3,0,1,No,4,0,987
100,Masters,2015,Pune,3,0,0,No,2,0,2022
100,Bachelors,2015,Bangalore,3,0,1,No,4,0,2950
100,Bachelors,2012,Bangalore,3,0,1,No,0,0,4002
70,Masters,2017,New Delhi,3,1,0,No,2,0,3550
100,Bachelors,2012,Pune,3,0,0,No,5,0,3264
55,Bachelors,2015,Bangalore,3,0,1,No,3,1,3144
110,PHD,2014,Bangalore,3,0,0,No,2,0,285
110,PHD,2013,New Delhi,3,0,1,No,2,0,56
100,Bachelors,2014,Bangalore,3,0,1,No,5,0,2444
70,Bachelors,2017,New Delhi,3,0,0,No,0,0,3997
70,Bachelors,2017,Bangalore,3,0,0,No,2,0,1731
100,Bachelors,2015,New Delhi,3,0,0,Yes,4,0,488
100,Bachelors,2012,New Delhi,3,0,0,No,0,0,4277
100,Bachelors,2016,Bangalore,3,0,0,Yes,4,0,4380
100,Bachelors,2016,Bangalore,3,0,1,Yes,5,0,3493
55,Bachelors,2015,Bangalore,3,0,1,No,3,1,1633
100,Bachelors,2012,Bangalore,3,0,0,No,4,0,723
55,Masters,2012,New Delhi,3,0,0,No,4,1,2049
100,Bachelors,2013,Bangalore,3,0,0,No,1,0,50
100,Bachelors,2012,Bangalore,3,0,0,No,0,0,4069
25,Masters,2017,Pune,3,0,1,No,5,1,1890
70,Bachelors,2017,Bangalore,3,0,1,Yes,3,0,4077
100,Bachelors,2012,Bangalore,3,0,0,No,3,0,2949
100,Bachelors,2012,New Delhi,3,0,0,No,4,0,682
25,Bachelors,2018,Bangalore,3,0,1,No,1,1,3081
100,Bachelors,2016,Bangalore,3,0,0,No,4,0,4036
25,Masters,2017,Bangalore,3,1,0,No,2,1,70
25,Bachelors,2017,Bangalore,3,0,0,No,3,1,1817
70,Bachelors,2017,Bangalore,3,0,1,No,2,0,1861
55,Bachelors,2012,Bangalore,3,0,0,No,1,1,4613
25,Bachelors,2017,Bangalore,3,0,1,No,3,1,4140
100,Bachelors,2014,Bangalore,3,0,1,No,0,0,4385
110,PHD,2016,Bangalore,3,0,0,No,1,0,2055
55,Masters,2016,New Delhi,3,0,0,No,3,1,3793
70,Bachelors,2017,Bangalore,3,0,1,No,0,0,3889
100,Bachelors,2012,Pune,3,0,1,No,5,0,308
25,Masters,2017,New Delhi,3,0,1,No,5,1,217
100,Bachelors,2014,Bangalore,3,0,0,No,5,0,1479
70,Bachelors,2017,Pune,3,0,1,No,5,0,940
25,Bachelors,2018,Bangalore,3,0,1,No,4,1,641
100,Bachelors,2013,Bangalore,3,0,1,No,3,0,1159
100,Bachelors,2016,Bangalore,3,0,1,No,2,0,1912
70,Bachelors,2017,New Delhi,3,0,1,No,0,0,3913
100,Masters,2013,Pune,3,0,1,No,2,0,3626
55,Bachelors,2013,Bangalore,3,0,1,Yes,2,1,269
100,Bachelors,2012,Bangalore,3,0,1,No,3,0,3351
100,Bachelors,2012,Pune,3,0,1,No,4,0,2954
100,Bachelors,2015,Pune,3,0,1,No,2,0,1167
100,Bachelors,2013,Bangalore,3,0,1,No,4,0,1770
70,Bachelors,2017,Pune,3,0,1,No,0,0,2870
100,Bachelors,2016,Bangalore,3,0,1,No,5,0,497
25,Bachelors,2018,Bangalore,3,0,1,Yes,0,1,4103
100,Bachelors,2014,New Delhi,3,0,0,No,2,0,992
100,Bachelors,2013,Bangalore,3,0,0,No,4,0,3131
100,Masters,2014,New Delhi,3,0,1,No,2,0,507
55,Bachelors,2016,Bangalore,3,0,1,No,3,1,442
110,PHD,2012,Pune,3,0,1,No,5,0,1541
100,Bachelors,2015,Bangalore,3,0,1,Yes,4,0,2513
25,Bachelors,2018,Bangalore,3,0,1,No,4,1,287
100,Bachelors,2014,Bangalore,3,0,1,No,4,0,2149
100,Bachelors,2016,Pune,3,0,1,No,2,0,492
100,Bachelors,2012,Bangalore,3,0,0,No,5,0,2584
100,Bachelors,2016,Bangalore,3,0,1,No,2,0,2025
100,Bachelors,2013,Bangalore,3,0,1,No,4,0,4272
70,Bachelors,2017,New Delhi,3,0,1,No,4,0,4407
55,Bachelors,2015,Pune,3,0,0,No,3,1,1635
25,Bachelors,2018,Bangalore,3,0,1,No,3,1,228
70,Masters,2017,Bangalore,3,0,0,No,4,0,2043
110,PHD,2014,New Delhi,3,0,1,No,2,0,530
70,Bachelors,2017,Bangalore,3,0,1,No,5,0,4028
55,Masters,2016,New Delhi,3,0,0,No,3,1,645
100,Bachelors,2016,Bangalore,3,0,1,No,4,0,3573
25,Bachelors,2018,Bangalore,3,0,0,No,2,1,4323
100,Bachelors,2012,Pune,3,1,1,No,3,0,3818
100,Bachelors,2013,New Delhi,3,1,0,No,1,0,3511
100,Bachelors,2015,Bangalore,3,0,1,No,5,0,3515
55,Masters,2013,Bangalore,3,0,1,No,1,1,2775
100,Bachelors,2013,Pune,3,0,1,No,0,0,2662
70,Masters,2017,New Delhi,3,0,1,No,2,0,3341
25,Bachelors,2018,Bangalore,3,0,1,No,5,1,2796
100,Bachelors,2014,Bangalore,3,0,1,No,5,0,166
100,Bachelors,2016,Bangalore,3,0,1,Yes,4,0,1821
55,Bachelors,2014,Pune,3,0,0,No,5,1,4250
100,Bachelors,2015,Bangalore,3,0,1,No,3,0,457
100,Bachelors,2015,Bangalore,3,0,1,No,1,0,2302
110,PHD,2015,Pune,3,0,0,No,1,0,3124
100,Bachelors,2015,Pune,3,0,1,No,0,0,2989
55,Bachelors,2015,Pune,3,0,0,No,2,1,1433
55,Bachelors,2015,New Delhi,3,0,0,No,5,1,4233
100,Bachelors,2016,Bangalore,3,0,1,Yes,1,0,3581
100,Bachelors,2014,Bangalore,3,0,0,No,3,0,161
25,Bachelors,2018,New Delhi,3,0,0,No,3,1,911
55,Bachelors,2015,Pune,3,0,0,No,3,1,983
70,Bachelors,2017,Pune,3,0,1,No,5,0,900
100,Bachelors,2014,Bangalore,3,0,1,Yes,5,0,4362
100,Masters,2015,New Delhi,3,0,1,No,1,0,3617
70,Bachelors,2017,Bangalore,3,0,0,No,2,0,3940
55,Bachelors,2015,Bangalore,3,0,1,No,4,1,1720
100,Bachelors,2016,Pune,3,0,1,No,4,0,3696
100,Bachelors,2014,Bangalore,3,0,0,No,4,0,1060
110,PHD,2013,New Delhi,3,0,1,No,4,0,970
100,Bachelors,2013,Bangalore,3,1,0,Yes,5,0,3064
100,Masters,2012,New Delhi,3,0,1,No,5,0,2621
100,Bachelors,2016,Bangalore,3,0,1,No,4,0,3504
25,Masters,2018,New Delhi,3,0,1,Yes,2,1,471
100,Bachelors,2012,Bangalore,3,0,1,No,1,0,3908
100,Bachelors,2014,Bangalore,3,0,1,No,3,0,904
100,Bachelors,2016,Bangalore,3,0,1,No,4,0,3741
100,Bachelors,2016,Bangalore,3,0,0,No,5,0,2754
100,Bachelors,2014,Bangalore,3,0,1,No,0,0,4049
25,Bachelors,2017,Bangalore,3,0,0,No,4,1,2494
100,Bachelors,2016,Bangalore,3,0,1,No,2,0,291
25,Bachelors,2018,Bangalore,3,0,1,No,2,1,3659
100,Bachelors,2012,Bangalore,3,0,1,No,3,0,114
100,Bachelors,2013,Bangalore,3,0,1,No,5,0,4166
100,Bachelors,2015,Bangalore,3,0,0,No,1,0,2203
70,Bachelors,2017,Pune,3,0,1,No,0,0,2782
70,Bachelors,2017,Bangalore,3,0,1,No,2,0,2816
25,Bachelors,2017,Pune,3,0,0,No,4,1,2040
100,Bachelors,2014,Bangalore,3,0,1,No,0,0,3311
100,Bachelors,2014,Bangalore,3,0,1,No,3,0,3593
100,Bachelors,2015,Pune,3,0,1,No,2,0,1766
35,PHD,2018,Bangalore,3,0,0,No,2,1,731
100,Bachelors,2013,Bangalore,3,0,1,No,5,0,340
25,Bachelors,2018,Bangalore,3,0,1,Yes,5,1,2855
100,Bachelors,2013,Bangalore,3,1,0,No,4,0,3277
70,Bachelors,2017,Bangalore,3,0,0,Yes,1,0,3386
100,Bachelors,2015,Bangalore,3,0,1,No,4,0,2224
25,Bachelors,2018,Pune,3,0,0,No,1,1,677
100,Bachelors,2016,Bangalore,3,1,1,No,0,0,3005
110,PHD,2016,New Delhi,3,0,0,No,5,0,1522
110,PHD,2016,New Delhi,3,0,1,No,1,0,3849
100,Bachelors,2012,Pune,3,0,1,No,0,0,3532
70,Masters,2017,New Delhi,3,0,0,No,2,0,4147
100,Masters,2014,New Delhi,3,0,1,No,2,0,688
100,Bachelors,2015,Bangalore,3,0,1,No,5,0,2655
25,Bachelors,2018,Bangalore,3,0,1,No,3,1,2893
100,Bachelors,2013,Bangalore,3,0,1,No,4,0,2986
100,Bachelors,2016,Pune,3,0,1,No,0,0,4235
100,Bachelors,2012,Bangalore,3,0,1,No,3,0,4109
100,Bachelors,2016,Bangalore,3,0,1,No,5,0,4446
100,Bachelors,2013,Pune,3,0,1,No,5,0,749
100,Bachelors,2013,Bangalore,3,0,1,Yes,3,0,1224
70,Masters,2017,New Delhi,3,0,1,No,2,0,1617
25,Bachelors,2018,Pune,3,0,1,Yes,3,1,519
55,Bachelors,2013,Bangalore,3,0,1,No,5,1,3631
100,Bachelors,2016,Bangalore,3,0,1,No,5,0,83
25,Masters,2017,New Delhi,3,0,0,No,2,1,163
25,Masters,2017,Bangalore,3,0,1,No,1,1,906
70,Bachelors,2017,Pune,3,0,1,No,3,0,413
25,Masters,2018,New Delhi,3,1,1,No,2,1,3100
25,Masters,2018,New Delhi,3,0,0,No,2,1,2221
55,Bachelors,2013,Bangalore,3,0,1,No,5,1,2045
100,Bachelors,2016,Pune,3,0,1,No,2,0,4620
25,Masters,2017,New Delhi,3,0,1,Yes,5,1,2414
25,Bachelors,2018,Pune,3,0,0,No,3,1,1446
100,Bachelors,2013,New Delhi,3,0,0,No,5,0,3126
100,Masters,2014,New Delhi,3,0,0,No,2,0,2939
100,Bachelors,2013,New Delhi,3,0,1,No,5,0,3883
25,Bachelors,2018,Bangalore,3,0,1,No,2,1,975
55,Bachelors,2015,Bangalore,3,0,0,No,4,1,4178
100,Bachelors,2013,Bangalore,3,0,1,Yes,4,0,4344
70,Bachelors,2017,Bangalore,3,1,0,No,2,0,3660
100,Bachelors,2013,Bangalore,3,0,1,No,4,0,1958
100,Bachelors,2016,Bangalore,3,0,0,No,2,0,3909
100,Bachelors,2013,New Delhi,3,0,0,No,3,0,4284
100,Bachelors,2013,Bangalore,3,0,0,No,4,0,2256
100,Bachelors,2013,Pune,3,0,1,No,4,0,1774
100,Bachelors,2013,Bangalore,3,0,1,No,2,0,1360
55,Bachelors,2014,Bangalore,3,0,0,No,4,1,1392
100,Bachelors,2014,Bangalore,3,0,1,No,0,0,4230
35,PHD,2018,Bangalore,3,0,0,No,5,1,1379
70,Bachelors,2017,Pune,3,0,1,No,3,0,1760
100,Masters,2014,New Delhi,3,0,1,No,1,0,2153
100,Bachelors,2015,Pune,3,0,1,No,5,0,2907
25,Bachelors,2018,Pune,3,0,1,No,0,1,4209
110,PHD,2016,New Delhi,3,1,1,No,1,0,3381
55,Bachelors,2016,Bangalore,3,0,0,No,1,1,2582
70,Bachelors,2017,Pune,3,0,1,No,5,0,3042
55,Masters,2013,New Delhi,3,1,0,Yes,2,1,3679
100,Bachelors,2016,Bangalore,3,1,1,No,2,0,3681
100,Bachelors,2014,Bangalore,3,0,1,No,4,0,640
70,Bachelors,2017,Bangalore,3,0,1,No,2,0,482
55,Bachelors,2012,Bangalore,3,0,1,No,2,1,158
100,Bachelors,2016,Bangalore,3,0,1,No,2,0,27
55,Bachelors,2013,Bangalore,3,0,1,No,3,1,4450
25,Masters,2018,Pune,3,0,1,No,2,1,1226
25,Bachelors,2017,Pune,3,0,1,Yes,3,1,1209
55,Bachelors,2016,Bangalore,3,0,1,Yes,2,1,344
100,Bachelors,2012,New Delhi,3,0,0,No,2,0,1811
70,Bachelors,2017,New Delhi,3,0,0,No,3,0,1679
100,Bachelors,2014,New Delhi,3,0,0,No,2,0,2437
25,Masters,2018,New Delhi,3,0,1,Yes,4,1,1074
70,Bachelors,2017,New Delhi,3,0,1,No,3,0,1604
70,Bachelors,2017,Bangalore,3,0,1,No,5,0,635
25,Masters,2018,New Delhi,3,0,0,Yes,2,1,255
100,Bachelors,2013,Pune,3,0,1,No,0,0,2879
35,PHD,2018,New Delhi,3,0,1,No,3,1,426
100,Bachelors,2015,Bangalore,3,0,0,No,4,0,1387
100,Bachelors,2013,Bangalore,3,0,1,No,4,0,2263
100,Bachelors,2016,Bangalore,3,0,1,No,0,0,2611
100,Bachelors,2015,Bangalore,3,0,1,Yes,4,0,3471
55,Bachelors,2016,Pune,3,0,0,No,4,1,1717
100,Bachelors,2014,Pune,3,0,1,No,4,0,1783
25,Bachelors,2018,Pune,3,0,1,No,4,1,506
110,PHD,2012,New Delhi,3,0,1,No,5,0,47
25,Bachelors,2018,Bangalore,3,0,1,No,2,1,4456
100,Bachelors,2012,Bangalore,3,0,0,No,3,0,3263
100,Bachelors,2015,Bangalore,3,0,1,No,4,0,923
100,Bachelors,2014,Bangalore,3,0,1,No,5,0,2438
100,Bachelors,2016,Bangalore,3,0,1,No,4,0,3491
100,Bachelors,2015,Bangalore,3,0,1,Yes,2,0,877
100,Bachelors,2015,Bangalore,3,0,1,No,5,0,3017
70,Masters,2017,New Delhi,3,0,0,No,3,0,1003
100,Bachelors,2012,Bangalore,3,1,1,No,1,0,3525
100,Bachelors,2015,Bangalore,3,0,0,No,5,0,1779
100,Bachelors,2012,Bangalore,3,0,1,Yes,5,0,3312
55,Bachelors,2015,Bangalore,3,0,1,Yes,1,1,707
70,Masters,2017,Bangalore,3,0,0,No,4,0,1857
100,Masters,2014,Bangalore,3,0,0,No,2,0,1698
100,Bachelors,2012,Bangalore,3,0,1,No,2,0,794
55,Bachelors,2014,Pune,3,0,1,No,5,1,1135
100,Bachelors,2012,Bangalore,3,0,0,Yes,3,0,1502
100,Bachelors,2012,Bangalore,3,0,1,No,1,0,1292
100,Bachelors,2016,Bangalore,3,0,0,No,5,0,1892
100,Masters,2015,New Delhi,3,0,1,No,2,0,3388
55,Masters,2015,Bangalore,3,0,1,No,4,1,4243
100,Bachelors,2014,New Delhi,3,0,0,Yes,4,0,4128
70,Bachelors,2017,Bangalore,3,0,1,No,5,0,2529
100,Bachelors,2015,Bangalore,3,0,1,Yes,4,0,4462
25,Bachelors,2018,Bangalore,3,0,1,No,1,1,2175
100,Bachelors,2016,Bangalore,3,0,1,No,5,0,1493
100,Bachelors,2015,Bangalore,3,0,1,No,3,0,3700
100,Bachelors,2014,Bangalore,3,0,1,No,4,0,1428
25,Masters,2018,Bangalore,3,0,1,Yes,2,1,4058
70,Bachelors,2017,Bangalore,3,0,1,Yes,5,0,2591
100,Bachelors,2012,Pune,3,0,1,No,0,0,4395
70,Bachelors,2017,New Delhi,3,0,1,No,3,0,1945
55,Masters,2012,Bangalore,3,0,1,No,5,1,11
100,Bachelors,2013,Pune,3,0,1,No,2,0,2272
100,Bachelors,2015,Bangalore,3,0,1,No,0,0,3630
25,Bachelors,2017,Pune,3,0,0,No,4,1,2455
100,Bachelors,2016,Pune,3,0,1,No,2,0,2265
100,Bachelors,2012,Bangalore,3,0,1,No,3,0,3440
100,Bachelors,2012,Bangalore,3,0,1,No,2,0,2186
100,Bachelors,2016,Pune,3,0,1,No,1,0,3135
100,Bachelors,2014,New Delhi,3,0,0,No,2,0,1727
55,Bachelors,2012,Bangalore,3,0,0,No,4,1,2016
100,Bachelors,2012,Bangalore,3,0,1,No,3,0,4475
100,Bachelors,2014,Bangalore,3,0,1,No,2,0,995
100,Masters,2016,New Delhi,3,0,0,No,3,0,1732
25,Masters,2018,New Delhi,3,0,1,No,2,1,2254
55,Bachelors,2014,New Delhi,3,1,0,No,3,1,3445
100,Bachelors,2016,Bangalore,3,0,1,No,2,0,720
25,Bachelors,2017,Bangalore,3,0,1,No,3,1,4424
25,Masters,2018,New Delhi,3,0,1,No,3,1,532
35,PHD,2018,Bangalore,3,0,1,No,4,1,587
100,Bachelors,2012,Bangalore,3,0,1,No,3,0,345
70,Bachelors,2017,New Delhi,3,0,1,No,4,0,2061
25,Masters,2018,New Delhi,3,0,1,Yes,4,1,2346
100,Bachelors,2015,Pune,3,0,1,No,3,0,4511
100,Bachelors,2014,New Delhi,3,0,0,No,4,0,3884
25,Bachelors,2017,Bangalore,3,0,0,No,2,1,2843
70,Bachelors,2017,Pune,3,0,1,No,2,0,2233
100,Bachelors,2014,Bangalore,3,0,1,No,4,0,1706
100,Bachelors,2014,Bangalore,3,0,1,Yes,2,0,2004
100,Bachelors,2016,Pune,3,0,1,No,4,0,687
100,Bachelors,2014,Bangalore,3,0,1,No,3,0,1081
100,Bachelors,2014,Bangalore,3,0,1,No,5,0,4259
55,Masters,2016,Bangalore,3,0,1,No,1,1,3674
100,Bachelors,2012,New Delhi,3,0,0,No,4,0,3811
25,Masters,2017,New Delhi,3,0,0,No,5,1,3295
55,Bachelors,2013,Bangalore,3,0,1,No,5,1,1714
100,Bachelors,2015,Bangalore,3,0,1,No,4,0,986
100,Bachelors,2015,New Delhi,3,0,1,No,0,0,92
55,Bachelors,2013,New Delhi,3,0,0,No,2,1,474
100,Bachelors,2016,Bangalore,3,0,1,No,1,0,4162
100,Bachelors,2014,Bangalore,3,0,1,No,3,0,4152
25,Bachelors,2018,Bangalore,3,0,1,Yes,4,1,2880
110,PHD,2012,New Delhi,3,1,0,No,5,0,3226
25,Bachelors,2018,Bangalore,3,0,1,Yes,2,1,4638
100,Bachelors,2014,New Delhi,3,0,1,No,4,0,2767
55,Bachelors,2015,Bangalore,3,0,0,No,3,1,2656
100,Bachelors,2013,Bangalore,3,0,1,No,2,0,3886
70,Bachelors,2017,Bangalore,3,0,1,No,1,0,326
110,PHD,2015,New Delhi,3,0,0,No,3,0,306
100,Bachelors,2014,Bangalore,3,0,0,No,3,0,1017
100,Bachelors,2012,Bangalore,3,0,1,No,4,0,2424
100,Bachelors,2013,Bangalore,3,0,1,No,4,0,3023
25,Bachelors,2018,Bangalore,3,0,1,No,3,1,2688
100,Bachelors,2012,New Delhi,3,0,0,No,5,0,4441
100,Bachelors,2014,Pune,3,0,1,No,2,0,1240
100,Bachelors,2012,Bangalore,3,0,1,No,3,0,277
100,Masters,2012,New Delhi,3,0,0,No,4,0,2794
100,Bachelors,2014,Bangalore,3,0,1,No,2,0,1052
100,Bachelors,2016,Bangalore,3,0,1,No,4,0,1255
100,Masters,2016,Pune,3,0,1,No,2,0,2533
100,Bachelors,2015,Bangalore,3,0,1,No,0,0,3744
100,Bachelors,2014,Bangalore,3,0,1,No,4,0,2090
100,Bachelors,2014,Bangalore,3,0,1,No,2,0,3187
55,Bachelors,2016,Bangalore,3,0,1,No,1,1,2890
70,Masters,2017,New Delhi,3,0,1,No,2,0,328
55,Bachelors,2015,Pune,3,0,0,No,2,1,1424
55,Bachelors,2013,Bangalore,3,0,1,Yes,3,1,1476
100,Bachelors,2014,New Delhi,3,0,0,No,3,0,1990
70,Bachelors,2017,Bangalore,3,0,1,No,5,0,3330
55,Bachelors,2013,Bangalore,3,0,1,No,5,1,508
55,Masters,2014,Bangalore,3,0,0,No,2,1,523
100,Bachelors,2016,Bangalore,3,1,1,No,3,0,3536
100,Bachelors,2012,New Delhi,3,0,1,No,1,0,2079
100,Bachelors,2015,Pune,3,0,1,No,4,0,45
100,Bachelors,2013,Pune,3,0,1,No,0,0,2758
100,Bachelors,2012,New Delhi,3,0,1,No,5,0,1753
100,Bachelors,2015,Bangalore,3,0,1,No,2,0,2885
100,Bachelors,2013,Bangalore,3,0,1,Yes,4,0,2554
70,Bachelors,2017,Bangalore,3,0,1,No,0,0,2915
100,Bachelors,2012,Bangalore,3,0,1,No,4,0,2854
55,Bachelors,2016,Bangalore,3,0,1,No,4,1,1560
100,Bachelors,2012,Pune,3,0,1,Yes,2,0,1733
55,Bachelors,2013,Bangalore,3,0,0,No,2,1,2484
100,Masters,2015,Bangalore,3,0,1,No,0,0,3706
25,Masters,2018,New Delhi,3,0,1,No,3,1,1858
25,Bachelors,2018,Bangalore,3,0,0,Yes,2,1,3025
100,Bachelors,2015,New Delhi,3,0,1,No,4,0,422
55,Masters,2013,New Delhi,3,0,1,No,3,1,1979
55,Masters,2013,New Delhi,3,0,1,No,4,1,295
100,Bachelors,2016,Bangalore,3,0,1,No,4,0,926
100,Bachelors,2016,New Delhi,3,0,1,No,1,0,3769
100,Bachelors,2014,Bangalore,3,0,1,Yes,3,0,1331
70,Bachelors,2017,Bangalore,3,0,0,No,1,0,78
110,PHD,2013,New Delhi,3,0,0,No,2,0,2376
100,Bachelors,2014,New Delhi,3,0,0,No,2,0,3
55,Masters,2015,New Delhi,3,0,1,No,4,1,1900
100,Masters,2013,New Delhi,3,0,1,No,4,0,2036
55,Bachelors,2014,Pune,3,0,0,No,2,1,3374
100,Bachelors,2015,Bangalore,3,0,1,No,4,0,718
100,Bachelors,2016,Bangalore,3,0,1,No,5,0,2792
100,Bachelors,2013,Pune,3,0,1,No,4,0,2787
25,Bachelors,2018,Bangalore,3,0,1,No,3,1,1151
100,Bachelors,2014,Bangalore,3,0,1,No,3,0,1807
25,Bachelors,2018,Bangalore,3,0,1,Yes,1,1,2711
100,Bachelors,2014,Bangalore,3,0,1,No,4,0,3160
100,Bachelors,2016,Pune,3,0,1,No,5,0,1570
100,Bachelors,2015,New Delhi,3,0,1,No,2,0,1927
100,Bachelors,2013,Bangalore,3,0,1,No,1,0,2773
70,Bachelors,2017,Bangalore,3,0,1,No,3,0,4495
100,Bachelors,2016,Bangalore,3,0,1,No,1,0,2267
100,Bachelors,2013,Bangalore,3,0,0,No,5,0,4409
55,Bachelors,2015,Pune,3,1,0,Yes,2,1,3564
100,Bachelors,2012,New Delhi,3,0,0,No,3,0,1915
70,Bachelors,2017,New Delhi,3,0,0,No,4,0,1654
100,Bachelors,2012,New Delhi,3,0,0,No,1,0,4098
55,Bachelors,2015,Bangalore,3,1,1,No,0,1,76
25,Masters,2017,New Delhi,3,0,0,No,5,1,1494
70,Bachelors,2017,New Delhi,3,0,0,No,5,0,2303
70,Bachelors,2017,Bangalore,3,0,1,No,2,0,1567
25,Masters,2018,New Delhi,3,0,1,No,2,1,4381
100,Bachelors,2016,Bangalore,3,0,0,No,4,0,1320
100,Bachelors,2013,Bangalore,3,0,1,No,2,0,391
100,Bachelors,2016,Bangalore,3,0,0,No,3,0,375
100,Bachelors,2015,Bangalore,3,0,1,No,5,0,3829
70,Bachelors,2017,Bangalore,3,0,0,No,2,0,991
100,Bachelors,2013,New Delhi,3,0,0,No,0,0,4246
25,Bachelors,2018,Bangalore,3,0,1,No,1,1,3697
100,Bachelors,2014,Bangalore,3,0,1,No,5,0,3902
100,Bachelors,2014,Bangalore,3,0,1,No,1,0,2218
70,Bachelors,2017,Bangalore,3,0,1,Yes,2,0,3372
55,Masters,2016,New Delhi,3,0,0,No,3,1,187
100,Bachelors,2016,Bangalore,3,0,1,Yes,5,0,605
100,Bachelors,2016,Bangalore,3,0,1,No,5,0,423
100,Bachelors,2016,Bangalore,3,0,1,No,1,0,3400
70,Bachelors,2017,Bangalore,3,1,0,No,3,0,3693
100,Bachelors,2015,New Delhi,3,0,0,No,1,0,4556
100,Masters,2013,New Delhi,3,0,1,No,2,0,94
100,Bachelors,2013,Bangalore,3,0,1,No,4,0,4639
100,Bachelors,2016,Bangalore,3,0,1,No,1,0,3014
100,Bachelors,2016,Bangalore,3,0,1,Yes,5,0,2586
100,Bachelors,2016,New Delhi,3,0,0,No,4,0,4360
55,Bachelors,2015,Pune,3,0,0,Yes,4,1,2285
55,Bachelors,2013,Bangalore,3,0,0,No,0,1,4595
55,Bachelors,2016,Bangalore,3,0,1,No,3,1,395
80,PHD,2017,New Delhi,3,0,0,No,5,0,4570
35,PHD,2018,Pune,3,0,1,No,4,1,1618
100,Bachelors,2013,Bangalore,3,0,1,No,4,0,2604
25,Bachelors,2018,Bangalore,3,0,1,No,0,1,4599
100,Bachelors,2014,Pune,3,0,1,No,2,0,3847
100,Bachelors,2012,New Delhi,3,0,0,No,0,0,4256
35,PHD,2018,New Delhi,3,0,0,No,0,1,3262
100,Bachelors,2015,Bangalore,3,0,1,No,4,0,2117
70,Bachelors,2017,Bangalore,3,0,0,No,4,0,3259
100,Bachelors,2015,Bangalore,3,0,0,Yes,4,0,1222
25,Bachelors,2018,Bangalore,3,0,1,No,4,1,1695
100,Bachelors,2013,Pune,3,0,1,No,1,0,196
70,Bachelors,2017,New Delhi,3,0,1,No,5,0,1650
70,Bachelors,2017,New Delhi,3,0,0,Yes,3,0,2518
55,Bachelors,2014,Pune,3,0,0,No,2,1,1193
100,Bachelors,2012,Pune,3,0,1,No,3,0,3677
100,Bachelors,2012,Pune,3,0,1,No,3,0,628
100,Bachelors,2015,New Delhi,3,0,0,No,2,0,364
100,Bachelors,2014,Bangalore,3,0,1,No,2,0,2230
100,Bachelors,2013,Bangalore,3,0,1,No,4,0,1088
100,Bachelors,2014,Bangalore,3,0,1,No,3,0,1943
100,Bachelors,2012,New Delhi,3,0,0,No,2,0,4190
100,Bachelors,2014,Bangalore,3,0,0,No,5,0,1064
55,Masters,2013,Pune,3,0,1,No,2,1,610
55,Bachelors,2015,Pune,3,0,0,Yes,4,1,436
100,Bachelors,2014,New Delhi,3,0,0,No,0,0,3791
100,Bachelors,2013,Pune,3,0,1,No,5,0,3819
100,Bachelors,2015,Bangalore,3,0,1,No,5,0,3052
55,Bachelors,2015,Pune,3,0,0,No,1,1,2314
110,PHD,2012,New Delhi,3,0,1,No,2,0,741
100,Bachelors,2015,Pune,3,0,1,No,3,0,1469
100,Bachelors,2013,Pune,3,0,1,No,5,0,805
35,PHD,2018,New Delhi,3,0,1,No,4,1,1639
100,Bachelors,2012,Bangalore,3,0,1,No,2,0,3865
100,Bachelors,2016,Bangalore,3,0,1,No,0,0,4026
100,Bachelors,2012,Bangalore,3,0,1,No,5,0,425
25,Masters,2018,New Delhi,3,0,1,No,2,1,2780
100,Masters,2015,Pune,3,0,0,No,2,0,315
100,Bachelors,2012,Bangalore,3,1,0,No,4,0,3248
25,Bachelors,2018,Pune,3,0,1,Yes,2,1,1547
100,Bachelors,2016,Pune,3,0,1,No,2,0,2146
100,Bachelors,2016,Bangalore,3,1,1,No,0,0,3469
55,Bachelors,2015,Pune,3,0,0,No,2,1,2426
100,Bachelors,2012,Bangalore,3,0,1,No,2,0,1439
100,Bachelors,2013,Bangalore,3,0,1,Yes,5,0,2330
100,Bachelors,2012,Pune,3,0,1,No,4,0,2998
100,Masters,2013,New Delhi,3,0,1,No,2,0,537
70,Bachelors,2017,Bangalore,3,0,0,No,6,0,3970
55,Bachelors,2016,Bangalore,3,0,0,No,5,1,2236
70,Bachelors,2017,Pune,3,0,0,No,1,0,941
100,Bachelors,2015,Bangalore,3,0,1,No,5,0,2308
70,Bachelors,2017,Bangalore,3,0,1,No,2,0,666
70,Bachelors,2017,Bangalore,3,0,1,No,5,0,1030
65,PHD,2013,New Delhi,3,0,1,No,3,1,3895
55,Bachelors,2014,Pune,3,0,0,No,3,1,623
100,Masters,2015,New Delhi,3,0,0,No,2,0,2014
100,Bachelors,2012,Bangalore,3,0,0,No,5,0,3150
70,Bachelors,2017,New Delhi,3,1,1,No,1,0,4133
25,Masters,2017,Pune,3,0,1,No,1,1,214
100,Bachelors,2013,New Delhi,3,0,0,Yes,2,0,1928
100,Bachelors,2014,Bangalore,3,0,1,No,3,0,1588
110,PHD,2012,New Delhi,3,0,1,No,3,0,4201
100,Bachelors,2016,Bangalore,3,0,1,No,0,0,4437
25,Bachelors,2018,Pune,3,0,0,No,2,1,2603
25,Masters,2018,New Delhi,3,0,0,No,1,1,4083
100,Bachelors,2015,New Delhi,3,0,1,No,4,0,1423
25,Bachelors,2018,Bangalore,3,0,1,No,5,1,2916
55,Bachelors,2014,Pune,3,0,0,No,5,1,1189
25,Masters,2018,New Delhi,3,0,0,No,4,1,2530
100,Bachelors,2012,Bangalore,3,0,1,No,4,0,2262
25,Bachelors,2018,New Delhi,3,0,0,Yes,2,1,4498
25,Bachelors,2017,New Delhi,3,0,0,No,1,1,4548
100,Bachelors,2015,Bangalore,3,0,0,No,5,0,3734
100,Bachelors,2016,Bangalore,3,0,0,No,5,0,1388
70,Bachelors,2017,Bangalore,3,0,0,No,4,0,341
100,Bachelors,2013,Bangalore,3,0,0,No,3,0,1862
100,Bachelors,2014,Bangalore,3,0,1,Yes,1,0,3854
70,Bachelors,2017,Bangalore,3,0,0,No,2,0,2062
100,Bachelors,2016,Bangalore,3,0,1,No,2,0,3513
110,PHD,2013,Bangalore,3,1,1,No,4,0,3822
70,Bachelors,2017,Bangalore,3,0,1,No,0,0,3411
70,Bachelors,2017,Bangalore,3,0,0,No,5,0,2772
100,Bachelors,2012,Bangalore,3,0,1,Yes,1,0,4376
25,Bachelors,2018,Pune,3,0,1,Yes,3,1,1200
100,Bachelors,2013,Pune,3,0,1,No,3,0,1531
100,Bachelors,2012,Bangalore,3,0,1,No,5,0,2173
55,Bachelors,2016,Bangalore,3,0,1,No,2,1,2776
25,Bachelors,2018,Bangalore,3,0,1,No,4,1,290
100,Bachelors,2013,Bangalore,3,0,1,No,4,0,1376
100,Bachelors,2016,Bangalore,3,0,1,Yes,1,0,2165
100,Masters,2013,New Delhi,3,0,1,No,3,0,61
55,Bachelors,2012,Bangalore,3,0,1,No,0,1,4531
55,Bachelors,2015,Bangalore,3,0,1,No,0,1,1430
100,Bachelors,2012,Bangalore,3,0,0,No,1,0,2892
100,Bachelors,2016,Bangalore,3,0,1,No,2,0,3405
100,Bachelors,2012,Pune,3,0,1,No,2,0,3090
100,Bachelors,2015,Bangalore,3,0,1,No,3,0,2635
100,Bachelors,2014,Bangalore,3,0,1,No,5,0,589
55,Masters,2012,Pune,3,0,1,No,5,1,878
100,Bachelors,2014,Pune,3,0,1,Yes,4,0,40
100,Bachelors,2014,Bangalore,3,0,1,No,4,0,1556
100,Bachelors,2016,Bangalore,3,0,0,Yes,2,0,2223
55,Bachelors,2014,Bangalore,3,0,1,No,3,1,534
100,Bachelors,2014,Pune,3,0,1,No,1,0,3339
100,Bachelors,2015,Bangalore,3,0,1,No,5,0,1595
55,Bachelors,2015,Bangalore,3,0,1,No,2,1,2419
100,Bachelors,2012,Bangalore,3,0,1,No,4,0,1215
100,Bachelors,2014,Bangalore,3,0,1,No,3,0,1016
25,Bachelors,2018,Pune,3,0,1,No,3,1,499
100,Bachelors,2016,Bangalore,3,0,1,No,4,0,613
100,Bachelors,2016,Bangalore,3,0,1,No,4,0,3960
100,Bachelors,2015,Bangalore,3,0,0,No,2,0,342
70,Bachelors,2017,Bangalore,3,0,1,Yes,0,0,3490
100,Bachelors,2013,Bangalore,3,0,1,No,5,0,2571
100,Bachelors,2012,Bangalore,3,0,1,No,3,0,590
25,Bachelors,2018,Bangalore,3,0,1,Yes,2,1,1058
100,Bachelors,2012,Bangalore,3,0,0,No,4,0,2748
100,Bachelors,2016,Bangalore,3,0,0,No,1,0,2612
25,Bachelors,2017,Bangalore,3,0,1,No,1,1,3436
100,Bachelors,2014,Bangalore,3,0,1,No,3,0,1603
55,Masters,2016,Bangalore,3,0,0,No,4,1,989
100,Bachelors,2015,Bangalore,3,0,1,No,0,0,2535
100,Bachelors,2016,Bangalore,3,0,0,No,2,0,4017
100,Bachelors,2014,New Delhi,3,0,0,No,5,0,4182
100,Bachelors,2015,Bangalore,3,0,1,No,3,0,1311
100,Bachelors,2015,Bangalore,3,0,1,Yes,3,0,2824
100,Bachelors,2016,Bangalore,3,0,0,No,4,0,410
100,Bachelors,2016,Bangalore,3,0,1,No,4,0,1087
110,PHD,2014,Bangalore,3,0,0,No,3,0,3288
55,Bachelors,2016,Bangalore,3,0,1,No,4,1,1659
70,Bachelors,2017,Bangalore,3,0,1,No,1,0,4411
70,Bachelors,2017,Bangalore,3,0,1,No,5,0,1712
100,Bachelors,2014,Bangalore,3,0,0,No,3,0,3337
100,Bachelors,2016,Bangalore,3,0,1,No,2,0,4045
100,Bachelors,2013,Bangalore,3,0,1,No,4,0,4245
55,Bachelors,2015,Bangalore,3,0,1,No,0,1,4492
100,Bachelors,2015,Bangalore,3,0,0,No,5,0,1678
110,PHD,2013,Bangalore,3,1,1,No,1,0,4267
100,Bachelors,2014,Bangalore,3,0,1,No,2,0,920
100,Bachelors,2016,Pune,3,0,1,No,2,0,1546
100,Bachelors,2014,Pune,3,0,1,No,2,0,856
100,Bachelors,2013,Bangalore,3,0,0,No,1,0,3911
55,Bachelors,2014,Bangalore,3,0,1,No,5,1,2140
100,Bachelors,2014,Bangalore,3,0,1,No,2,0,1961
55,Masters,2015,New Delhi,3,0,0,No,4,1,250
70,Masters,2017,New Delhi,3,1,1,No,2,0,4578
55,Masters,2014,Pune,3,1,1,No,4,1,3218
70,Bachelors,2017,Bangalore,3,0,1,No,5,0,599
100,Masters,2012,New Delhi,3,0,1,No,4,0,4505
100,Bachelors,2013,Bangalore,3,0,1,No,3,0,4589
25,Masters,2018,Bangalore,3,0,0,No,6,1,3977
55,Bachelors,2016,Pune,3,0,1,No,5,1,1756
100,Bachelors,2016,Bangalore,3,0,0,No,5,0,2895
100,Masters,2015,New Delhi,3,0,1,No,3,0,307
70,Masters,2017,New Delhi,3,0,0,No,2,0,1203
100,Bachelors,2013,New Delhi,3,0,0,No,5,0,1096
70,Bachelors,2017,New Delhi,3,0,1,No,4,0,1445
100,Bachelors,2014,Pune,3,0,1,No,4,0,2478
100,Bachelors,2015,Bangalore,3,0,1,No,1,0,28
100,Bachelors,2013,Bangalore,3,0,1,No,0,0,3614
100,Bachelors,2013,Bangalore,3,0,1,No,5,0,3477
55,Bachelors,2015,Pune,3,0,0,No,3,1,2654
25,Masters,2018,Pune,3,0,1,No,2,1,3547
100,Bachelors,2016,Pune,3,0,1,Yes,5,0,4105
100,Bachelors,2014,New Delhi,3,0,1,No,4,0,2681
100,Masters,2016,Bangalore,3,0,0,No,2,0,2075
80,PHD,2017,Bangalore,3,0,0,No,1,0,2458
35,PHD,2018,New Delhi,3,0,0,No,0,1,3929
100,Bachelors,2012,Bangalore,3,1,0,No,5,0,3172
55,Masters,2016,New Delhi,3,0,1,No,3,1,1285
25,Bachelors,2018,Bangalore,3,0,0,Yes,5,1,3006
100,Bachelors,2012,Bangalore,3,1,1,No,3,0,3056
100,Bachelors,2013,Bangalore,3,0,1,No,4,0,2407
25,Masters,2017,Pune,3,0,1,No,2,1,759
55,Masters,2014,Bangalore,3,0,1,No,4,1,2521
55,Bachelors,2015,Bangalore,3,0,0,No,2,1,1288
100,Bachelors,2016,Bangalore,3,0,0,No,2,0,1411
25,Bachelors,2018,Bangalore,3,0,1,No,2,1,2332
70,Bachelors,2017,New Delhi,3,0,0,No,3,0,1846
55,Bachelors,2016,Bangalore,3,0,1,No,3,1,1237
25,Masters,2017,New Delhi,3,0,0,No,3,1,1105
100,Bachelors,2014,Bangalore,3,1,1,No,5,0,3624
100,Bachelors,2015,Bangalore,3,0,1,No,4,0,2452
25,Masters,2018,Bangalore,3,0,1,No,2,1,3247
100,Bachelors,2013,New Delhi,3,0,0,No,2,0,1747
100,Bachelors,2016,Bangalore,3,0,1,No,5,0,2401
25,Bachelors,2017,New Delhi,3,0,0,No,2,1,1009
100,Masters,2016,New Delhi,3,0,0,No,4,0,2116
100,Bachelors,2012,Bangalore,3,0,1,No,4,0,4129
100,Bachelors,2013,New Delhi,3,0,0,No,5,0,198
100,Bachelors,2014,Bangalore,3,0,0,No,2,0,17
55,Masters,2012,Bangalore,3,0,0,No,4,1,2971
100,Bachelors,2016,Pune,3,0,1,Yes,3,0,4584
100,Bachelors,2013,Bangalore,3,0,1,No,0,0,3408
100,Bachelors,2014,Bangalore,3,0,1,No,4,0,1401
25,Bachelors,2017,Pune,3,0,0,No,5,1,1206
100,Bachelors,2015,Bangalore,3,0,0,No,1,0,4477
100,Bachelors,2015,Pune,3,0,1,No,4,0,566
55,Masters,2013,Bangalore,3,0,0,Yes,2,1,466
100,Masters,2013,Pune,3,0,1,No,3,0,109
100,Bachelors,2016,New Delhi,3,0,0,Yes,3,0,763
100,Bachelors,2014,Bangalore,3,0,1,No,2,0,1592
100,Bachelors,2014,New Delhi,3,0,0,No,4,0,4295
100,Bachelors,2012,Pune,3,0,1,No,5,0,4383
100,Bachelors,2015,Bangalore,3,0,1,No,3,0,1246
25,Bachelors,2018,Bangalore,3,0,1,No,0,1,91
110,PHD,2013,New Delhi,3,0,1,No,5,0,4176
25,Bachelors,2017,Bangalore,3,0,0,No,1,1,3838
70,Bachelors,2017,Pune,3,0,1,No,4,0,1701
100,Bachelors,2013,Bangalore,3,0,1,No,0,0,1127
25,Bachelors,2018,Bangalore,3,0,1,Yes,5,1,1931
100,Bachelors,2012,New Delhi,3,0,1,No,5,0,1374
100,Bachelors,2013,Pune,3,0,1,No,5,0,2871
100,Bachelors,2013,New Delhi,3,0,0,Yes,4,0,4064
100,Bachelors,2014,Bangalore,3,0,1,No,0,0,44
100,Bachelors,2016,Bangalore,3,0,1,No,1,0,3087
55,Bachelors,2014,Pune,3,0,0,No,5,1,3373
100,Masters,2013,New Delhi,3,0,1,No,2,0,3319
100,Bachelors,2014,Bangalore,3,0,1,No,4,0,2514
55,Bachelors,2014,Pune,3,0,1,No,3,1,1686
100,Bachelors,2015,Bangalore,3,0,0,No,0,0,4590
25,Bachelors,2018,Pune,3,0,0,No,5,1,1497
35,PHD,2018,New Delhi,3,0,1,No,3,1,4115
100,Bachelors,2014,Bangalore,3,0,0,Yes,1,0,2321
100,Bachelors,2015,Bangalore,3,0,1,No,2,0,4603
100,Bachelors,2015,Bangalore,3,0,0,No,5,0,744
100,Bachelors,2014,Pune,3,1,1,No,2,0,3180
100,Bachelors,2016,New Delhi,3,0,1,No,1,0,3137
100,Bachelors,2012,Bangalore,3,0,1,No,2,0,1079
55,Bachelors,2015,Pune,3,0,0,No,4,1,2098
55,Masters,2015,New Delhi,3,0,1,No,4,1,764
25,Bachelors,2017,Bangalore,3,0,1,No,3,1,1508
110,PHD,2015,New Delhi,3,0,0,No,1,0,188
100,Bachelors,2014,Bangalore,3,0,0,No,1,0,3102
100,Bachelors,2013,Pune,3,0,1,No,5,0,4502
100,Bachelors,2014,New Delhi,3,1,0,No,3,0,4130
70,Masters,2017,Bangalore,3,0,1,No,3,0,1680
100,Bachelors,2014,Bangalore,3,0,1,No,2,0,370
100,Bachelors,2012,Bangalore,3,0,1,No,2,0,2105
55,Masters,2015,Bangalore,3,0,1,No,4,1,2406
70,Bachelors,2017,Pune,3,0,1,No,2,0,1894
70,Bachelors,2017,Bangalore,3,0,1,No,4,0,2080
25,Bachelors,2018,New Delhi,3,0,1,No,4,1,3335
100,Bachelors,2015,Bangalore,3,0,0,No,0,0,2539
100,Bachelors,2016,Pune,3,0,1,No,3,0,624
110,PHD,2012,New Delhi,3,0,1,No,5,0,2594
100,Masters,2013,New Delhi,3,0,1,No,4,0,118
100,Bachelors,2015,Bangalore,3,0,1,No,5,0,248
100,Bachelors,2013,Bangalore,3,0,1,No,5,0,1342
25,Bachelors,2018,Bangalore,3,0,1,No,3,1,4316
55,Bachelors,2014,Bangalore,3,0,0,No,0,1,4330
100,Bachelors,2016,Bangalore,3,0,1,No,5,0,494
100,Bachelors,2016,Bangalore,3,0,1,No,1,0,3652
100,Bachelors,2016,Bangalore,3,0,1,Yes,2,0,3302
100,Bachelors,2014,Pune,3,0,1,No,3,0,444
55,Bachelors,2013,Bangalore,3,0,1,No,5,1,4438
70,Masters,2017,New Delhi,3,0,1,No,2,0,3739
100,Bachelors,2012,Bangalore,3,0,0,No,5,0,4300
55,Masters,2013,New Delhi,3,0,1,No,5,1,141
70,Bachelors,2017,Bangalore,3,0,1,No,2,0,1055
100,Bachelors,2016,Bangalore,3,0,0,No,0,0,3011
100,Bachelors,2013,Bangalore,3,0,1,No,0,0,1962
70,Bachelors,2017,Bangalore,3,0,0,No,4,0,131
100,Bachelors,2016,Pune,3,0,1,No,3,0,1655
55,Masters,2012,Pune,3,0,1,Yes,5,1,2771
100,Bachelors,2014,Bangalore,3,0,1,No,5,0,594
100,Bachelors,2013,Bangalore,3,0,1,No,2,0,1963
100,Bachelors,2016,New Delhi,3,0,1,No,0,0,1462
100,Bachelors,2013,Bangalore,3,0,1,Yes,2,0,338
70,Bachelors,2017,Bangalore,3,1,1,No,5,0,3891
55,Bachelors,2014,Bangalore,3,0,1,No,3,1,472
100,Bachelors,2016,Pune,3,0,1,No,2,0,2143
55,Bachelors,2015,Bangalore,3,0,0,Yes,5,1,1548
100,Bachelors,2013,Bangalore,3,0,0,No,4,0,2567
70,Bachelors,2017,Pune,3,1,1,No,4,0,3392
70,Bachelors,2017,Bangalore,3,0,1,No,2,0,2378
70,Bachelors,2017,Bangalore,3,0,0,No,1,0,3094
100,Bachelors,2012,Bangalore,3,0,1,Yes,5,0,1118
70,Bachelors,2017,New Delhi,3,0,0,No,5,0,1318
25,Bachelors,2018,Bangalore,3,0,1,Yes,5,1,4336
110,PHD,2013,New Delhi,3,0,1,No,2,0,1248
70,Bachelors,2017,Bangalore,3,0,0,No,5,0,715
70,Bachelors,2017,Bangalore,3,0,1,No,5,0,1301
55,Masters,2015,New Delhi,3,0,0,No,1,1,836
100,Bachelors,2013,Bangalore,3,0,1,No,5,0,4517
35,PHD,2018,Bangalore,3,0,1,No,5,1,2849
100,Bachelors,2013,Bangalore,3,0,1,No,4,0,140
100,Bachelors,2014,Pune,3,0,1,No,4,0,2492
35,PHD,2018,Bangalore,3,0,1,No,2,1,2653
25,Bachelors,2018,Pune,3,0,1,No,3,1,3820
110,PHD,2015,Bangalore,3,0,1,No,2,0,2200
100,Bachelors,2016,Bangalore,3,0,0,No,0,0,4136
70,Bachelors,2017,Pune,3,0,0,No,0,0,3943
100,Bachelors,2016,New Delhi,3,1,1,No,0,0,3314
100,Masters,2013,New Delhi,3,0,0,No,3,0,4177
100,Bachelors,2014,New Delhi,3,0,0,No,3,0,1865
100,Bachelors,2015,Bangalore,3,1,0,No,2,0,3092
55,Masters,2015,New Delhi,3,0,1,No,2,1,3155
100,Bachelors,2013,Bangalore,3,0,1,No,2,0,3425
100,Bachelors,2013,Bangalore,3,0,0,No,3,0,1072
55,Bachelors,2015,Pune,3,0,0,No,4,1,351
70,Bachelors,2017,Bangalore,3,0,1,No,2,0,1596
100,Masters,2015,New Delhi,3,0,1,No,2,0,2853
70,Bachelors,2017,Pune,3,0,1,No,1,0,4212
100,Masters,2016,New Delhi,3,0,1,No,5,0,133
100,Bachelors,2014,Bangalore,3,0,0,No,1,0,3998
25,Masters,2018,New Delhi,3,0,0,No,2,1,4040
55,Bachelors,2015,Bangalore,3,0,1,No,0,1,4108
70,Bachelors,2017,Bangalore,3,0,1,Yes,1,0,908
100,Bachelors,2016,Pune,3,0,1,No,1,0,4486
25,Masters,2017,New Delhi,3,0,1,No,1,1,1767
100,Bachelors,2016,Pune,3,0,1,No,2,0,409
70,Bachelors,2017,Bangalore,3,0,1,No,2,0,3397
100,Bachelors,2016,Bangalore,3,0,0,No,4,0,1804
55,Bachelors,2015,Bangalore,3,0,1,Yes,2,1,1031
55,Masters,2012,Pune,3,0,1,No,4,1,1688
25,Masters,2018,Bangalore,3,0,0,No,2,1,2056
100,Bachelors,2016,Bangalore,3,0,0,No,2,0,726
100,Bachelors,2013,Bangalore,3,0,1,No,5,0,3663
100,Bachelors,2013,Bangalore,3,0,1,No,1,0,2145
100,Bachelors,2012,Bangalore,3,0,1,No,2,0,2297
55,Masters,2014,Bangalore,3,0,1,No,5,1,1877
100,Bachelors,2015,Pune,3,0,1,Yes,2,0,2204
100,Bachelors,2015,New Delhi,3,0,0,Yes,4,0,325
100,Bachelors,2014,New Delhi,3,0,1,No,3,0,1289
100,Bachelors,2012,Pune,3,0,1,No,0,0,2640
100,Bachelors,2016,Bangalore,3,0,1,Yes,4,0,3063
25,Bachelors,2017,Pune,3,1,0,No,1,1,3348
100,Bachelors,2015,Bangalore,3,0,1,No,1,0,2610
25,Bachelors,2017,Bangalore,3,0,1,No,5,1,2764
100,Bachelors,2012,Bangalore,3,1,1,No,5,0,3290
100,Bachelors,2016,New Delhi,3,0,1,No,4,0,3185
100,Bachelors,2015,Bangalore,3,0,1,No,3,0,4521
70,Bachelors,2017,New Delhi,3,0,1,No,2,0,608
100,Bachelors,2016,Bangalore,3,0,1,No,2,0,310
55,Bachelors,2016,Bangalore,3,0,1,No,3,1,164
110,PHD,2016,New Delhi,3,0,1,No,5,0,1230
100,Bachelors,2013,Bangalore,3,0,0,No,4,0,1745
100,Bachelors,2012,Bangalore,3,0,0,No,5,0,3222
100,Bachelors,2014,New Delhi,3,0,1,No,1,0,2099
100,Bachelors,2016,New Delhi,3,0,0,No,2,0,2351
100,Bachelors,2015,Bangalore,3,0,1,No,2,0,367
100,Bachelors,2012,Pune,3,0,1,No,2,0,4056
25,Bachelors,2018,Bangalore,3,0,1,No,1,1,464
70,Bachelors,2017,Bangalore,3,0,0,No,3,0,4547
100,Bachelors,2015,Bangalore,3,0,1,No,1,0,4008
55,Masters,2014,Bangalore,3,0,1,No,5,1,872
70,Bachelors,2017,Bangalore,3,0,1,No,5,0,2814
100,Masters,2016,New Delhi,3,0,0,No,1,0,3265
55,Bachelors,2016,Bangalore,3,0,1,No,3,1,2955
55,Masters,2014,New Delhi,3,0,0,No,3,1,825
55,Bachelors,2015,Pune,3,0,0,No,5,1,1490
55,Bachelors,2016,Bangalore,3,0,1,No,5,1,2542
70,Bachelors,2017,Bangalore,3,0,0,No,2,0,1739
100,Masters,2013,New Delhi,3,0,0,No,2,0,1788
100,Bachelors,2014,New Delhi,3,1,1,No,5,0,3814
100,Bachelors,2013,Pune,3,0,1,No,1,0,3478
55,Bachelors,2012,Pune,3,0,0,No,2,1,4000
25,Masters,2017,Bangalore,3,1,1,No,4,1,3465
110,PHD,2013,Bangalore,3,0,1,No,4,0,67
100,Bachelors,2012,New Delhi,3,0,0,No,5,0,827
70,Bachelors,2017,Pune,3,0,1,Yes,1,0,3622
100,Bachelors,2014,Bangalore,3,0,1,No,5,0,4354
100,Bachelors,2012,Bangalore,3,0,0,No,0,0,2625
100,Bachelors,2014,Pune,3,0,1,No,4,0,3951
25,Bachelors,2018,Bangalore,3,0,0,Yes,4,1,2010
100,Masters,2016,Pune,3,0,1,No,2,0,2198
100,Bachelors,2014,Bangalore,3,0,1,No,1,0,3616
100,Bachelors,2013,Bangalore,3,0,1,Yes,5,0,2902
100,Bachelors,2012,Bangalore,3,0,0,No,4,0,4457
70,Bachelors,2017,New Delhi,3,0,1,No,4,0,2282
70,Bachelors,2017,New Delhi,3,0,0,No,2,0,143
70,Bachelors,2017,Bangalore,3,0,1,No,3,0,660
70,Bachelors,2017,New Delhi,3,1,0,No,4,0,3939
100,Bachelors,2014,Bangalore,3,0,1,No,5,0,401
100,Bachelors,2013,Bangalore,3,0,1,No,4,0,1394
100,Bachelors,2014,Pune,3,0,1,No,3,0,3612
100,Bachelors,2013,Pune,3,0,1,No,2,0,230
70,Bachelors,2017,Bangalore,3,0,1,No,5,0,441
100,Masters,2015,New Delhi,3,0,1,No,5,0,2322
100,Bachelors,2012,Bangalore,3,0,1,No,4,0,1864
100,Masters,2014,New Delhi,3,0,1,No,5,0,2243
100,Bachelors,2016,Pune,3,0,1,No,1,0,4189
100,Bachelors,2014,Pune,3,0,1,No,2,0,2011
100,Bachelors,2014,Bangalore,3,0,1,No,4,0,3932
100,Bachelors,2012,Bangalore,3,0,1,No,5,0,1391
100,Bachelors,2014,Bangalore,3,0,0,No,4,0,2035
100,Bachelors,2012,Bangalore,3,0,1,No,4,0,1542
100,Bachelors,2015,Bangalore,3,0,0,No,2,0,3948
100,Bachelors,2013,Pune,3,0,1,No,2,0,3420
100,Bachelors,2015,Bangalore,3,0,1,No,5,0,62
25,Masters,2017,New Delhi,3,0,1,Yes,4,1,400
55,Bachelors,2016,Bangalore,3,0,1,No,4,1,1652
110,PHD,2015,Pune,3,0,1,No,2,0,3406
55,Bachelors,2012,Bangalore,3,0,0,No,1,1,1964
25,Bachelors,2017,Pune,3,0,0,No,3,1,1389
110,PHD,2013,Bangalore,3,0,1,No,4,0,4366
70,Bachelors,2017,Bangalore,3,0,1,Yes,0,0,3848
100,Bachelors,2015,Pune,3,0,1,No,3,0,3582
25,Masters,2018,Bangalore,3,0,1,No,3,1,3079
100,Bachelors,2015,Bangalore,3,0,1,No,1,0,4337
55,Masters,2013,Pune,3,0,0,Yes,0,1,4081
100,Bachelors,2014,Bangalore,3,0,1,No,2,0,4567
100,Bachelors,2015,Pune,3,0,1,No,5,0,2793
100,Bachelors,2012,Bangalore,3,0,1,No,2,0,167
100,Masters,2012,Bangalore,3,1,0,No,5,0,3273
55,Masters,2012,New Delhi,3,0,0,No,4,1,1345
100,Bachelors,2016,Bangalore,3,0,1,No,2,0,2069
100,Bachelors,2014,Bangalore,3,0,1,No,5,0,3562
100,Bachelors,2014,Bangalore,3,0,1,No,1,0,4479
100,Bachelors,2012,Bangalore,3,0,1,No,4,0,4208
100,Bachelors,2015,Bangalore,3,0,1,Yes,5,0,702
100,Bachelors,2012,Bangalore,3,0,1,No,3,0,1305
100,Bachelors,2014,Pune,3,0,1,No,2,0,1124
100,Bachelors,2014,Bangalore,3,0,1,No,3,0,147
25,Masters,2018,Bangalore,3,1,1,No,2,1,3783
55,Bachelors,2014,Bangalore,3,0,0,No,1,1,559
100,Bachelors,2015,Pune,3,0,1,No,2,0,389
70,Bachelors,2017,New Delhi,3,1,1,No,2,0,3528
70,Bachelors,2017,New Delhi,3,0,0,No,4,0,1755
100,Masters,2015,New Delhi,3,0,0,No,2,0,459
100,Bachelors,2012,New Delhi,3,0,0,No,5,0,294
100,Bachelors,2013,Bangalore,3,0,1,No,1,0,3919
100,Masters,2012,New Delhi,3,0,0,No,5,0,1971
55,Masters,2016,New Delhi,3,0,1,No,2,1,735
100,Bachelors,2015,Bangalore,3,0,0,No,4,0,835
100,Bachelors,2016,Bangalore,3,0,1,No,4,0,265
100,Bachelors,2016,Pune,3,0,1,No,3,0,3755
70,Bachelors,2017,Bangalore,3,0,0,No,1,0,2408
100,Bachelors,2014,Bangalore,3,0,0,No,2,0,1607
25,Masters,2017,New Delhi,3,0,1,No,1,1,4488
25,Bachelors,2018,Pune,3,0,0,No,4,1,1223
100,Bachelors,2013,Bangalore,3,0,1,No,4,0,1895
100,Bachelors,2016,Pune,3,0,1,No,2,0,2364
55,Bachelors,2012,Bangalore,3,0,1,No,7,1,3979
70,Bachelors,2017,New Delhi,3,0,0,No,4,0,1101
25,Bachelors,2018,Bangalore,3,0,1,No,1,1,3294
100,Bachelors,2013,Bangalore,3,0,1,No,1,0,2799
100,Bachelors,2013,Bangalore,3,0,1,No,1,0,127
100,Bachelors,2016,New Delhi,3,0,0,No,4,0,2913
55,Bachelors,2012,Bangalore,3,0,1,No,1,1,2047
100,Bachelors,2015,Pune,3,0,0,No,5,0,2448
100,Bachelors,2016,Bangalore,3,0,1,No,2,0,4575
100,Bachelors,2013,Pune,3,0,1,Yes,5,0,3422
100,Bachelors,2015,Bangalore,3,0,1,No,5,0,999
100,Bachelors,2012,Pune,3,0,1,No,2,0,1188
100,Bachelors,2014,New Delhi,3,0,0,No,5,0,3269
55,Bachelors,2016,Bangalore,3,0,1,No,1,1,2449
100,Bachelors,2012,Bangalore,3,0,1,No,2,0,2123
100,Bachelors,2016,Bangalore,3,0,1,No,4,0,65
70,Bachelors,2017,New Delhi,3,0,1,No,4,0,558
55,Bachelors,2015,Pune,3,0,0,No,4,1,1473
100,Bachelors,2014,Bangalore,3,0,1,No,3,0,3533
100,Bachelors,2013,Bangalore,3,0,0,No,1,0,3484
25,Masters,2018,Pune,3,0,1,No,4,1,2716
55,Bachelors,2013,Pune,3,1,0,No,1,1,4296
100,Bachelors,2013,Bangalore,3,0,0,No,4,0,3463
55,Bachelors,2014,Bangalore,3,0,0,No,2,1,3036
70,Bachelors,2017,Pune,3,0,1,No,3,0,4014
100,Bachelors,2014,New Delhi,3,0,0,No,3,0,2676
55,Bachelors,2014,Bangalore,3,0,1,No,3,1,533
100,Bachelors,2015,Bangalore,3,1,1,No,4,0,3921
25,Bachelors,2018,Pune,3,0,1,Yes,3,1,2545
100,Bachelors,2015,Bangalore,3,0,1,No,1,0,2617
110,PHD,2013,Bangalore,3,0,1,No,4,0,1398
25,Bachelors,2018,Bangalore,3,0,1,No,5,1,3991
70,Bachelors,2017,Pune,3,1,1,No,3,0,3642
55,Bachelors,2014,New Delhi,3,0,0,No,2,1,4187
70,Bachelors,2017,Bangalore,3,0,1,No,3,0,1903
100,Bachelors,2015,Pune,3,0,1,No,1,0,3119
55,Bachelors,2013,Pune,3,0,0,Yes,3,1,4054
100,Bachelors,2014,New Delhi,3,0,1,No,2,0,1267
55,Bachelors,2014,Pune,3,0,0,No,3,1,318
100,Bachelors,2014,Bangalore,3,0,1,No,2,0,1144
100,Bachelors,2013,Pune,3,0,1,No,4,0,2461
100,Bachelors,2013,Pune,3,0,1,No,4,0,1827
100,Bachelors,2016,Bangalore,3,1,1,No,4,0,3356
25,Masters,2018,New Delhi,3,0,1,No,4,1,646
70,Bachelors,2017,Bangalore,3,0,1,No,5,0,1228
55,Masters,2014,Bangalore,3,0,0,No,5,1,777
55,Bachelors,2014,Bangalore,3,0,1,No,4,1,2720
25,Masters,2018,New Delhi,3,0,0,No,1,1,4061
100,Bachelors,2016,Bangalore,3,0,1,No,2,0,880
100,Bachelors,2013,Pune,3,0,1,No,1,0,3798
100,Bachelors,2015,Bangalore,3,0,0,No,3,0,1896
70,Bachelors,2017,Bangalore,3,0,1,Yes,3,0,1653
70,Masters,2017,New Delhi,3,1,0,No,1,0,4606
100,Bachelors,2016,Bangalore,3,0,1,No,1,0,4311
100,Bachelors,2014,Bangalore,3,0,1,No,5,0,253
100,Bachelors,2014,Bangalore,3,0,1,No,2,0,1452
100,Masters,2013,New Delhi,3,0,1,No,1,0,1829
100,Masters,2012,New Delhi,3,0,1,No,2,0,2840
100,Bachelors,2012,Bangalore,3,0,1,No,4,0,1705
65,PHD,2013,New Delhi,3,0,0,No,5,1,1500
100,Bachelors,2015,New Delhi,3,0,0,No,2,0,4003
100,Bachelors,2015,Bangalore,3,0,1,No,2,0,1946
100,Bachelors,2015,Pune,3,0,1,No,0,0,4274
100,Bachelors,2013,Bangalore,3,1,1,No,4,0,3398
25,Bachelors,2018,Bangalore,3,0,1,No,4,1,1238
25,Bachelors,2018,Bangalore,3,0,0,No,5,1,215
25,Bachelors,2018,Bangalore,3,0,1,No,5,1,1410
100,Bachelors,2013,New Delhi,3,0,0,No,1,0,3038
100,Bachelors,2012,Pune,3,0,1,No,2,0,138
100,Bachelors,2016,Bangalore,3,0,0,No,5,0,1166
100,Bachelors,2015,Pune,3,0,1,No,1,0,2463
70,Bachelors,2017,Bangalore,3,0,1,No,4,0,697
100,Bachelors,2014,Bangalore,3,0,0,No,4,0,3850
100,Bachelors,2014,Bangalore,3,0,1,No,4,0,3545
25,Bachelors,2018,Bangalore,3,0,1,No,3,1,1710
100,Bachelors,2014,Pune,3,0,1,No,5,0,846
100,Bachelors,2013,Pune,3,0,1,No,4,0,59
110,PHD,2016,New Delhi,3,0,0,No,2,0,1384
100,Bachelors,2012,Bangalore,3,0,1,No,0,0,21
100,Bachelors,2013,Bangalore,3,0,1,No,5,0,1397
55,Masters,2013,New Delhi,3,0,0,Yes,2,1,1587
70,Bachelors,2017,New Delhi,3,0,0,No,2,0,571
100,Bachelors,2013,Pune,3,0,1,Yes,2,0,2505
100,Bachelors,2014,Bangalore,3,0,0,No,5,0,174
100,Bachelors,2016,Bangalore,3,0,0,No,1,0,3590
100,Bachelors,2015,Bangalore,3,0,1,No,2,0,406
100,Bachelors,2015,New Delhi,3,0,0,No,3,0,1554
55,Bachelors,2012,Bangalore,3,0,1,No,5,1,2809
100,Bachelors,2012,Bangalore,3,0,0,No,5,0,1229
100,Bachelors,2012,Bangalore,3,0,1,No,4,0,1304
55,Bachelors,2014,Bangalore,3,0,1,No,5,1,2932
100,Bachelors,2016,Bangalore,3,0,1,No,0,0,4458
100,Bachelors,2015,Bangalore,3,0,1,No,1,0,3370
100,Bachelors,2012,Bangalore,3,0,0,No,4,0,3669
100,Bachelors,2013,Bangalore,3,0,1,No,0,0,4600
80,PHD,2017,New Delhi,3,0,1,No,2,0,1953
70,Bachelors,2017,Bangalore,3,0,1,No,2,0,1460
100,Bachelors,2014,New Delhi,3,0,0,No,4,0,943
100,Bachelors,2013,Bangalore,3,0,0,No,1,0,4426
110,PHD,2014,New Delhi,3,0,1,No,1,0,4608
100,Bachelors,2016,Bangalore,3,0,1,No,2,0,1883
70,Bachelors,2017,Pune,3,0,1,No,5,0,4487
100,Bachelors,2013,New Delhi,3,0,1,No,2,0,3156
100,Bachelors,2012,Bangalore,3,0,1,No,2,0,2933
70,Bachelors,2017,Bangalore,3,0,1,No,5,0,809
100,Bachelors,2015,Bangalore,3,0,1,No,3,0,3519
100,Bachelors,2014,Bangalore,3,0,0,No,3,0,125
100,Bachelors,2014,Bangalore,3,0,1,No,2,0,1109
100,Bachelors,2013,Bangalore,3,0,1,No,4,0,4237
55,Bachelors,2012,Bangalore,3,0,1,No,3,1,210
100,Bachelors,2012,Bangalore,3,0,1,No,1,0,3213
100,Bachelors,2014,Bangalore,3,1,0,No,4,0,3780
25,Bachelors,2017,Pune,3,0,0,No,0,1,3315
25,Bachelors,2018,Pune,3,0,1,No,5,1,3363
100,Bachelors,2012,Bangalore,3,1,1,Yes,0,0,3475
100,Bachelors,2012,New Delhi,3,0,0,No,0,0,4025
100,Bachelors,2015,Pune,3,0,1,No,4,0,3203
110,PHD,2013,New Delhi,3,0,0,No,2,0,2615
100,Bachelors,2014,Pune,3,0,1,No,3,0,964
25,Bachelors,2018,Bangalore,3,0,1,No,3,1,1859
100,Bachelors,2015,Bangalore,3,0,0,No,2,0,3935
55,Bachelors,2015,Pune,3,0,0,Yes,5,1,1721
55,Bachelors,2013,Bangalore,3,0,1,No,5,1,113
55,Bachelors,2014,Bangalore,3,0,1,No,5,1,2164
70,Bachelors,2017,New Delhi,3,0,0,No,4,0,2613
25,Masters,2018,New Delhi,3,0,0,Yes,2,1,3557
100,Bachelors,2013,Bangalore,3,0,0,No,4,0,2865
100,Bachelors,2015,Bangalore,3,0,1,No,4,0,960
100,Bachelors,2013,Bangalore,3,0,1,No,5,0,1885
70,Bachelors,2017,Bangalore,3,0,0,No,2,0,1525
70,Bachelors,2017,Bangalore,3,0,1,No,3,0,3638
55,Bachelors,2013,Bangalore,3,0,1,No,2,1,1781
100,Bachelors,2013,Pune,3,0,0,No,2,0,1153
100,Bachelors,2013,Bangalore,3,0,1,No,5,0,3575
55,Masters,2014,New Delhi,3,0,1,No,4,1,431
70,Bachelors,2017,New Delhi,3,0,0,Yes,5,0,699
70,Bachelors,2017,New Delhi,3,0,0,No,3,0,2721
100,Masters,2014,New Delhi,3,0,1,No,0,0,2884
100,Bachelors,2012,Bangalore,3,0,1,No,5,0,3675
55,Bachelors,2012,Bangalore,3,0,0,No,5,1,3080
55,Bachelors,2015,Bangalore,3,0,0,Yes,5,1,1488
100,Bachelors,2016,Pune,3,0,1,No,4,0,334
25,Bachelors,2018,Bangalore,3,0,1,No,2,1,1114
55,Bachelors,2015,Pune,3,0,0,No,3,1,653
100,Bachelors,2016,Bangalore,3,0,1,No,4,0,4184
110,PHD,2014,New Delhi,3,0,1,No,3,0,1901
25,Bachelors,2018,Bangalore,3,0,1,No,4,1,2338
100,Bachelors,2015,Bangalore,3,0,1,No,4,0,2806
100,Bachelors,2015,Bangalore,3,0,1,No,3,0,1338
100,Bachelors,2013,Pune,3,0,1,Yes,5,0,3435
55,Masters,2014,New Delhi,3,0,1,Yes,4,1,2984
100,Bachelors,2016,Bangalore,3,0,1,No,3,0,3367
100,Masters,2014,New Delhi,3,0,1,No,5,0,3454
110,PHD,2013,Bangalore,3,0,1,No,4,0,4088
70,Bachelors,2017,Bangalore,3,0,0,No,1,0,4075
100,Bachelors,2012,Bangalore,3,0,1,No,5,0,1802
100,Bachelors,2016,Bangalore,3,0,1,No,4,0,799
55,Bachelors,2014,Bangalore,3,0,1,No,0,1,3355
100,Bachelors,2013,Bangalore,3,0,0,No,5,0,2648
100,Bachelors,2014,Bangalore,3,0,1,No,0,0,4483
25,Masters,2017,New Delhi,3,0,1,No,3,1,1306
100,Bachelors,2014,Bangalore,3,0,0,No,1,0,2446
55,Bachelors,2014,Bangalore,3,0,1,No,4,1,882
100,Bachelors,2015,Bangalore,3,0,1,No,4,0,1270
100,Bachelors,2015,Bangalore,3,0,1,No,5,0,3699
100,Masters,2014,New Delhi,3,1,1,No,5,0,3774
100,Bachelors,2016,Bangalore,3,0,0,No,5,0,1453
100,Bachelors,2014,Bangalore,3,0,1,No,3,0,1043
100,Bachelors,2012,New Delhi,3,0,0,No,2,0,3354
55,Bachelors,2013,Bangalore,3,0,0,No,1,1,2344
100,Bachelors,2012,Bangalore,3,0,1,No,0,0,3750
110,PHD,2014,Bangalore,3,0,1,No,1,0,3192
55,Bachelors,2015,Bangalore,3,0,1,No,1,1,3920
25,Masters,2018,Pune,3,0,1,No,3,1,565
100,Bachelors,2013,Bangalore,3,0,0,No,3,0,2926
100,Bachelors,2014,Bangalore,3,0,1,No,4,0,154
100,Bachelors,2014,Pune,3,0,1,No,4,0,1348
110,PHD,2012,New Delhi,3,0,0,No,1,0,1344
100,Masters,2014,Pune,3,0,1,No,5,0,2354
100,Bachelors,2016,New Delhi,3,0,0,No,0,0,2974
70,Bachelors,2017,Bangalore,3,0,1,No,0,0,1
100,Bachelors,2016,Bangalore,3,0,1,No,5,0,2101
70,Bachelors,2017,New Delhi,3,0,1,No,3,0,781
100,Masters,2013,New Delhi,3,0,1,No,3,0,274
100,Bachelors,2013,Bangalore,3,0,1,Yes,2,0,1507
25,Bachelors,2017,Bangalore,3,0,1,No,2,1,4264
55,Bachelors,2015,Bangalore,3,0,1,No,3,1,4371
110,PHD,2013,New Delhi,3,0,1,No,1,0,4315
100,Bachelors,2014,Bangalore,3,0,1,No,4,0,1792
100,Masters,2014,New Delhi,3,0,1,No,5,0,743
70,Bachelors,2017,New Delhi,3,0,1,No,5,0,3938
70,Bachelors,2017,Bangalore,3,0,1,No,1,0,3879
100,Bachelors,2013,Bangalore,3,0,1,No,4,0,324
100,Masters,2014,New Delhi,3,0,1,No,2,0,2734
100,Bachelors,2014,Bangalore,3,0,1,Yes,5,0,1485
100,Bachelors,2014,Bangalore,3,0,1,No,2,0,3069
25,Bachelors,2018,Bangalore,3,0,0,Yes,5,1,1137
100,Bachelors,2014,Bangalore,3,0,0,No,5,0,4225
25,Bachelors,2018,Bangalore,3,0,1,No,4,1,768
100,Bachelors,2013,Bangalore,3,0,0,No,5,0,337
25,Masters,2018,Bangalore,3,0,1,No,4,1,2261
100,Bachelors,2016,Bangalore,3,0,1,No,2,0,2151
55,Bachelors,2012,Bangalore,3,0,0,No,1,1,2215
100,Bachelors,2016,Bangalore,3,0,1,No,3,0,160
100,Bachelors,2015,Pune,3,0,1,No,5,0,3777
80,PHD,2017,Pune,3,0,1,No,1,0,2102
100,Bachelors,2016,Pune,3,0,1,No,3,0,418
100,Bachelors,2016,Bangalore,3,0,1,No,4,0,3861
25,Bachelors,2017,Bangalore,3,0,1,No,0,1,3853
100,Bachelors,2012,Bangalore,3,0,1,No,0,0,3994
100,Bachelors,2015,New Delhi,3,0,1,No,4,0,1656
100,Bachelors,2014,New Delhi,3,0,1,Yes,4,0,2739
100,Bachelors,2013,Bangalore,3,0,1,No,1,0,2381
100,Bachelors,2015,Bangalore,3,0,1,No,4,0,4399
100,Masters,2014,Pune,3,0,1,No,2,0,2565
55,Bachelors,2014,Pune,3,0,0,No,1,1,2820
25,Bachelors,2017,Bangalore,3,0,1,No,2,1,824
55,Bachelors,2014,Bangalore,3,0,1,No,3,1,2807
100,Bachelors,2012,Bangalore,3,0,1,Yes,0,0,3922
100,Bachelors,2012,Bangalore,3,0,1,No,2,0,1486
25,Masters,2018,New Delhi,3,0,0,No,5,1,2357
100,Bachelors,2012,Bangalore,3,0,0,No,4,0,405
100,Masters,2015,New Delhi,3,0,0,No,2,0,1627
100,Bachelors,2013,Bangalore,3,0,1,No,5,0,3559
55,Bachelors,2015,Pune,3,0,0,No,1,1,4093
100,Masters,2013,New Delhi,3,0,0,No,2,0,4428
70,Bachelors,2017,Bangalore,3,0,1,No,5,0,2488
100,Bachelors,2014,Bangalore,3,0,0,No,3,0,848
100,Bachelors,2012,Bangalore,3,0,1,No,3,0,299
100,Bachelors,2012,Bangalore,3,0,1,No,1,0,3053
100,Masters,2013,New Delhi,3,1,1,No,0,0,3049
100,Bachelors,2016,New Delhi,3,0,1,No,5,0,1277
100,Bachelors,2012,Bangalore,3,0,1,No,5,0,3518
55,Bachelors,2015,Pune,3,0,1,No,5,1,3688
55,Bachelors,2016,Bangalore,3,0,0,No,2,1,8
80,PHD,2017,Pune,3,0,1,No,5,0,4279
100,Bachelors,2014,Bangalore,3,0,1,Yes,5,0,3987
100,Bachelors,2014,Pune,3,0,1,No,5,0,473
100,Bachelors,2013,Pune,3,0,1,No,4,0,2390
70,Masters,2017,New Delhi,3,0,1,No,5,0,2951
70,Bachelors,2017,Bangalore,3,0,1,Yes,2,0,3869
110,PHD,2016,New Delhi,3,0,0,No,2,0,1517
25,Masters,2018,Bangalore,3,0,1,Yes,5,1,2741
100,Bachelors,2014,Bangalore,3,0,1,No,2,0,1482
100,Bachelors,2016,Bangalore,3,0,0,No,3,0,1939
100,Bachelors,2014,New Delhi,3,0,0,No,1,0,2190
100,Masters,2015,Pune,3,0,0,No,3,0,789
100,Bachelors,2015,Bangalore,3,0,0,No,0,0,3382
70,Bachelors,2017,Bangalore,3,0,1,No,0,0,2815
100,Bachelors,2015,Bangalore,3,0,1,No,4,0,3393
100,Masters,2015,Pune,3,0,0,No,4,0,2561
25,Bachelors,2018,Bangalore,3,1,1,No,5,1,3542
55,Masters,2014,New Delhi,3,0,1,No,2,1,740
55,Bachelors,2013,Bangalore,3,0,1,No,5,1,2919
100,Bachelors,2012,Bangalore,3,0,0,No,5,0,1174
100,Bachelors,2015,Bangalore,3,0,1,No,2,0,3763
70,Masters,2017,New Delhi,3,0,1,No,2,0,1036
100,Bachelors,2015,Pune,3,0,1,No,2,0,655
70,Bachelors,2017,Bangalore,3,0,1,No,3,0,636
55,Bachelors,2014,Bangalore,3,0,1,No,3,1,4393
100,Bachelors,2014,Pune,3,0,0,No,3,0,572
25,Bachelors,2018,Bangalore,3,0,1,No,0,1,2808
100,Bachelors,2014,Bangalore,3,0,1,No,3,0,4448
100,Bachelors,2012,Bangalore,3,0,0,No,2,0,4550
55,Bachelors,2015,Bangalore,3,0,0,No,0,1,4163
100,Bachelors,2015,Bangalore,3,0,1,No,4,0,192
25,Bachelors,2018,Bangalore,3,0,1,Yes,5,1,3027
100,Bachelors,2014,Bangalore,3,0,1,Yes,3,0,3138
70,Bachelors,2017,Bangalore,3,0,1,No,3,0,207
100,Bachelors,2016,New Delhi,3,0,0,Yes,4,0,3588
100,Bachelors,2013,Bangalore,3,0,1,No,0,0,3275
100,Bachelors,2012,Bangalore,3,1,1,No,3,0,3497
55,Bachelors,2014,Bangalore,3,0,0,No,5,1,4158
55,Bachelors,2014,Bangalore,3,0,0,No,3,1,4439
100,Bachelors,2013,Bangalore,3,0,1,Yes,0,0,4378
55,Bachelors,2016,Bangalore,3,0,1,No,1,1,3070
70,Bachelors,2017,Bangalore,3,1,1,No,1,0,3272
100,Bachelors,2015,New Delhi,3,0,0,No,3,0,3502
70,Bachelors,2017,Bangalore,3,0,1,No,2,0,1580
100,Bachelors,2012,Pune,3,0,1,No,3,0,683
100,Bachelors,2015,Bangalore,3,0,0,No,2,0,2306
70,Bachelors,2017,New Delhi,3,0,0,No,1,0,2001
100,Bachelors,2014,Bangalore,3,0,1,No,4,0,3145
100,Bachelors,2016,Pune,3,0,1,No,1,0,420
55,Bachelors,2015,Bangalore,3,0,1,No,2,1,1363
100,Bachelors,2012,Bangalore,3,0,1,No,4,0,913
55,Bachelors,2014,Bangalore,3,0,1,No,5,1,98
55,Bachelors,2014,Pune,3,0,0,No,2,1,1111
100,Bachelors,2014,Pune,3,0,1,No,1,0,4370
100,Bachelors,2014,Pune,3,0,1,No,0,0,1828
100,Bachelors,2013,Bangalore,3,1,1,No,1,0,3324
100,Bachelors,2013,Bangalore,3,0,1,No,6,0,3982
55,Masters,2012,New Delhi,3,0,1,Yes,5,1,1103
100,Bachelors,2012,Bangalore,3,0,1,No,3,0,1082
100,Bachelors,2015,Pune,3,0,1,No,3,0,4530
70,Bachelors,2017,New Delhi,3,0,0,No,5,0,1125
100,Bachelors,2013,Bangalore,3,0,0,No,2,0,3443
100,Bachelors,2015,Pune,3,0,1,No,5,0,2736
100,Bachelors,2016,Bangalore,3,0,0,No,5,0,521
100,Bachelors,2012,Pune,3,0,1,No,2,0,322
25,Bachelors,2018,New Delhi,3,0,0,Yes,3,1,2981
100,Bachelors,2014,Bangalore,3,0,1,No,1,0,2511
70,Bachelors,2017,Pune,3,0,1,No,2,0,902
55,Masters,2014,Bangalore,3,0,1,No,1,1,2301
70,Bachelors,2017,Pune,3,0,1,No,4,0,1563
55,Bachelors,2012,Bangalore,3,0,1,No,1,1,2120
100,Bachelors,2014,Bangalore,3,0,0,No,1,0,4252
100,Bachelors,2013,Bangalore,3,0,1,No,2,0,545
100,Bachelors,2015,Bangalore,3,0,1,No,2,0,2245
100,Bachelors,2012,Pune,3,0,0,No,5,0,416
100,Bachelors,2014,Bangalore,3,0,0,No,2,0,912
100,Bachelors,2015,Bangalore,3,0,1,No,4,0,2729
100,Bachelors,2013,Bangalore,3,0,0,No,1,0,1634
100,Bachelors,2015,Bangalore,3,0,1,No,0,0,2495
100,Bachelors,2014,Bangalore,3,0,1,Yes,3,0,3876
100,Bachelors,2013,Pune,3,0,1,No,4,0,3434
100,Bachelors,2013,Bangalore,3,0,1,Yes,4,0,467
110,PHD,2012,Pune,3,0,1,No,5,0,1369
100,Bachelors,2014,Bangalore,3,0,1,No,5,0,3283
55,Masters,2014,New Delhi,3,0,1,No,1,1,2431
100,Bachelors,2014,Bangalore,3,0,1,No,5,0,3450
100,Bachelors,2012,Pune,3,0,1,No,1,0,2442
70,Bachelors,2017,Bangalore,3,0,1,No,4,0,576
55,Bachelors,2012,Pune,3,0,0,No,3,1,4631
100,Bachelors,2014,Bangalore,3,0,0,No,2,0,3509
55,Bachelors,2013,Bangalore,3,0,1,No,2,1,3168
55,Bachelors,2014,Bangalore,3,0,1,No,3,1,586
100,Bachelors,2012,Bangalore,3,0,1,No,1,0,2229
70,Bachelors,2017,Bangalore,3,0,1,No,0,0,2910
25,Bachelors,2017,Pune,3,0,0,No,4,1,2009
70,Bachelors,2017,Bangalore,3,0,0,No,3,0,4417
100,Bachelors,2015,Bangalore,3,0,1,No,1,0,3437
70,Bachelors,2017,Pune,3,0,1,No,5,0,2633
100,Bachelors,2014,Bangalore,3,0,0,No,1,0,2271
55,Bachelors,2013,Bangalore,3,0,0,No,2,1,4501
100,Bachelors,2015,Bangalore,3,0,1,No,3,0,626
55,Bachelors,2013,Bangalore,3,0,1,No,5,1,2107
100,Bachelors,2012,Bangalore,3,0,1,No,2,0,3022
55,Bachelors,2015,Pune,3,0,0,No,0,1,2993
70,Bachelors,2017,Bangalore,3,0,1,No,5,0,917
100,Bachelors,2013,Pune,3,0,0,No,2,0,3684
100,Bachelors,2015,Bangalore,3,0,1,No,2,0,4503
100,Masters,2016,Pune,3,0,1,No,2,0,728
100,Bachelors,2014,Pune,3,0,1,No,2,0,4092
25,Bachelors,2018,Bangalore,3,0,1,No,4,1,2992
70,Bachelors,2017,New Delhi,3,0,1,No,2,0,105
55,Masters,2015,Bangalore,3,0,1,No,0,1,2559
25,Bachelors,2018,Bangalore,3,0,1,Yes,5,1,2677
100,Bachelors,2015,Bangalore,3,0,1,No,2,0,3834
110,PHD,2013,New Delhi,3,0,1,No,5,0,433
100,Bachelors,2015,Pune,3,0,1,No,3,0,579
70,Bachelors,2017,Pune,3,0,1,No,3,0,313
100,Bachelors,2013,Bangalore,3,0,1,Yes,1,0,3667
100,Masters,2014,Pune,3,0,0,No,2,0,3488
55,Bachelors,2014,Bangalore,3,0,1,No,2,1,2361
100,Masters,2013,New Delhi,3,0,1,No,4,0,3589
100,Bachelors,2012,Bangalore,3,0,1,No,3,0,469
100,Bachelors,2013,New Delhi,3,0,1,No,4,0,2427
70,Masters,2017,New Delhi,3,0,0,No,2,0,3521
110,PHD,2013,New Delhi,3,0,1,No,5,0,2982
100,Masters,2016,New Delhi,3,0,1,No,1,0,3158
100,Bachelors,2014,Pune,3,0,1,No,2,0,2167
55,Bachelors,2012,Bangalore,3,0,0,No,1,1,3211
25,Bachelors,2018,New Delhi,3,0,0,No,2,1,1539
25,Masters,2017,Pune,3,0,1,No,3,1,3325
100,Bachelors,2014,New Delhi,3,0,0,No,1,0,171
100,Bachelors,2014,Bangalore,3,0,1,No,2,0,4466
100,Bachelors,2015,New Delhi,3,0,0,No,4,0,2264
100,Bachelors,2012,Bangalore,3,0,1,No,5,0,4469
70,Bachelors,2017,Bangalore,3,0,1,No,1,0,2348
25,Bachelors,2018,Pune,3,0,0,No,4,1,319
70,Bachelors,2017,Bangalore,3,0,1,No,3,0,371
100,Masters,2014,New Delhi,3,0,0,No,5,0,3722
100,Bachelors,2014,Pune,3,0,1,Yes,5,0,1506
70,Bachelors,2017,Bangalore,3,0,1,No,2,0,1057
55,Bachelors,2014,Pune,3,0,0,No,4,1,2532
100,Bachelors,2012,Bangalore,3,0,1,No,1,0,2059
55,Bachelors,2015,Pune,3,0,0,No,4,1,1176
55,Bachelors,2016,Pune,3,0,1,No,1,1,3366
100,Bachelors,2016,Bangalore,3,0,1,No,4,0,4197
70,Bachelors,2017,Bangalore,3,1,1,No,0,0,4179
100,Bachelors,2012,Bangalore,3,0,1,No,5,0,1241
70,Bachelors,2017,Pune,3,0,1,No,2,0,1219
70,Bachelors,2017,Bangalore,3,0,0,No,2,0,4565
70,Bachelors,2017,New Delhi,3,0,0,No,4,0,945
100,Bachelors,2012,New Delhi,3,0,0,No,5,0,1004
100,Bachelors,2015,New Delhi,3,0,0,Yes,1,0,2445
100,Masters,2014,Pune,3,0,0,No,2,0,58
100,Bachelors,2012,Bangalore,3,0,0,Yes,2,0,2276
55,Masters,2013,New Delhi,3,0,1,No,5,1,1008
100,Bachelors,2013,Pune,3,0,1,No,3,0,652
25,Masters,2018,New Delhi,3,1,0,No,2,1,3310
100,Bachelors,2014,Pune,3,0,1,No,3,0,4322
25,Bachelors,2018,New Delhi,3,0,0,No,4,1,1339
25,Bachelors,2018,New Delhi,3,0,0,No,5,1,1429
55,Bachelors,2013,Bangalore,3,0,0,Yes,3,1,3109
100,Bachelors,2016,Bangalore,3,0,1,Yes,3,0,2616
25,Masters,2017,New Delhi,3,0,1,No,2,1,2012
100,Masters,2016,New Delhi,3,0,1,No,4,0,2147
100,Bachelors,2014,Pune,3,0,1,No,3,0,691
100,Bachelors,2015,Bangalore,3,0,0,No,4,0,4574
100,Bachelors,2016,New Delhi,3,0,0,No,3,0,1431
100,Bachelors,2012,Pune,3,0,1,No,1,0,2543
100,Bachelors,2015,Pune,3,0,1,No,4,0,1876
70,Bachelors,2017,Bangalore,3,0,1,No,1,0,108
55,Bachelors,2012,Bangalore,3,0,1,Yes,3,1,829
25,Masters,2017,New Delhi,3,0,0,No,2,1,4619
55,Bachelors,2013,Bangalore,3,0,1,No,0,1,4382
110,PHD,2012,New Delhi,3,0,0,No,5,0,2997
25,Bachelors,2018,Bangalore,3,0,1,No,1,1,3789
100,Bachelors,2014,Bangalore,3,0,1,No,3,0,4579
70,Bachelors,2017,Bangalore,3,0,1,No,4,0,2708
70,Bachelors,2017,Pune,3,0,1,No,1,0,1831
100,Bachelors,2014,Bangalore,3,0,0,No,3,0,1140
70,Bachelors,2017,Bangalore,3,0,1,No,1,0,2985
100,Masters,2015,New Delhi,3,0,1,No,3,0,1302
100,Bachelors,2015,Bangalore,3,0,0,No,2,0,4546
100,Bachelors,2015,Bangalore,3,0,1,No,3,0,1690
70,Bachelors,2017,New Delhi,3,0,1,No,5,0,2827
35,PHD,2018,New Delhi,3,0,1,No,2,1,2761
100,Bachelors,2013,Pune,3,0,1,No,2,0,2429
70,Bachelors,2017,Bangalore,3,0,0,No,5,0,2823
100,Bachelors,2013,New Delhi,3,0,0,No,3,0,1365
70,Bachelors,2017,Bangalore,3,0,1,Yes,3,0,465
100,Bachelors,2016,New Delhi,3,0,0,No,4,0,1623
70,Bachelors,2017,Bangalore,3,0,1,No,5,0,3197
25,Bachelors,2018,Bangalore,3,0,0,No,1,1,71
25,Bachelors,2017,Bangalore,3,0,1,No,5,1,1909
25,Masters,2018,New Delhi,3,0,0,No,3,1,1029
100,Bachelors,2014,Bangalore,3,0,1,No,3,0,397
100,Masters,2013,New Delhi,3,0,0,No,5,0,2290
70,Bachelors,2017,Bangalore,3,0,1,No,3,0,3524
70,Bachelors,2017,Pune,3,0,1,No,5,0,3875
100,Bachelors,2012,Bangalore,3,0,1,No,3,0,931
25,Bachelors,2018,Bangalore,3,0,1,No,4,1,3916
100,Bachelors,2016,Bangalore,3,0,1,No,3,0,1718
25,Masters,2018,New Delhi,3,0,1,Yes,2,1,1977
55,Bachelors,2013,Bangalore,3,0,0,No,2,1,1449
100,Bachelors,2015,Bangalore,3,0,1,No,4,0,4005
25,Masters,2018,Bangalore,3,0,0,No,2,1,2187
100,Bachelors,2012,Bangalore,3,0,1,Yes,2,0,2800
100,Bachelors,2014,Bangalore,3,0,1,No,2,0,4007
100,Bachelors,2013,Pune,3,0,1,No,5,0,1373
55,Bachelors,2015,Pune,3,1,0,No,5,1,3830
55,Masters,2013,Pune,3,0,1,No,4,1,2725
100,Masters,2012,Pune,3,0,1,No,5,0,438
55,Masters,2016,New Delhi,3,1,1,No,5,1,3487
100,Bachelors,2013,Bangalore,3,0,1,No,5,0,938
55,Bachelors,2015,Bangalore,3,0,1,No,5,1,861
55,Masters,2012,Pune,3,0,1,No,0,1,1355
100,Bachelors,2015,Bangalore,3,0,0,No,4,0,1673
25,Bachelors,2018,Bangalore,3,0,0,Yes,3,1,1106
100,Bachelors,2014,Bangalore,3,0,1,No,3,0,2699
100,Bachelors,2014,Bangalore,3,0,1,No,5,0,2742
100,Bachelors,2013,New Delhi,3,0,1,No,5,0,2239
100,Masters,2012,New Delhi,3,0,1,No,2,0,930
70,Bachelors,2017,Bangalore,3,0,0,No,2,0,883
25,Masters,2017,Pune,3,0,1,No,4,1,629
100,Bachelors,2012,Pune,3,0,1,No,4,0,4490
100,Bachelors,2013,Bangalore,3,0,0,No,4,0,4298
70,Bachelors,2017,Pune,3,0,1,No,2,0,3298
100,Bachelors,2015,Bangalore,3,0,1,No,2,0,4609
55,Bachelors,2012,Bangalore,3,0,1,No,1,1,3517
100,Bachelors,2016,Bangalore,3,0,1,No,4,0,1849
70,Bachelors,2017,Bangalore,3,0,0,Yes,5,0,1771
100,Masters,2012,Bangalore,3,0,0,No,4,0,4357
110,PHD,2015,Bangalore,3,0,1,No,3,0,3558
110,PHD,2015,New Delhi,3,0,0,No,0,0,4339
100,Bachelors,2015,New Delhi,3,0,1,No,5,0,4232
100,Bachelors,2013,Bangalore,3,0,1,No,4,0,301
100,Bachelors,2014,Bangalore,3,0,1,No,4,0,1026
100,Masters,2014,New Delhi,3,0,0,No,1,0,434
25,Bachelors,2018,Pune,3,0,1,No,4,1,595
100,Bachelors,2014,Bangalore,3,0,1,No,4,0,3041
55,Bachelors,2014,Bangalore,3,0,1,No,1,1,4596
100,Bachelors,2014,Bangalore,3,0,1,No,1,0,2201
100,Bachelors,2013,New Delhi,3,0,0,No,5,0,1602
100,Bachelors,2013,Bangalore,3,0,1,No,0,0,1134
100,Bachelors,2014,Bangalore,3,0,1,No,3,0,1454
70,Bachelors,2017,New Delhi,3,0,0,No,2,0,1838
100,Bachelors,2013,Pune,3,0,1,No,5,0,1383
70,Bachelors,2017,Pune,3,0,1,No,2,0,81
100,Bachelors,2014,New Delhi,3,0,1,No,5,0,2774
100,Masters,2016,New Delhi,3,0,0,No,2,0,2177
100,Bachelors,2015,Bangalore,3,0,1,Yes,2,0,3718
100,Bachelors,2016,Bangalore,3,0,1,No,3,0,779
100,Bachelors,2015,Bangalore,3,0,1,No,3,0,169
100,Bachelors,2012,Bangalore,3,0,1,No,4,0,869
70,Bachelors,2017,Pune,3,0,1,Yes,5,0,2259
100,Bachelors,2013,Pune,3,0,1,No,0,0,2523
100,Bachelors,2012,Bangalore,3,0,1,No,5,0,3596
100,Bachelors,2012,Bangalore,3,0,1,No,4,0,2906
100,Bachelors,2015,Bangalore,3,0,1,No,2,0,1425
55,Bachelors,2013,Bangalore,3,0,0,No,3,1,1671
100,Bachelors,2015,New Delhi,3,0,1,No,1,0,2707
25,Masters,2017,New Delhi,3,0,1,No,3,1,953
100,Bachelors,2013,Bangalore,3,0,0,No,4,0,1119
70,Masters,2017,New Delhi,3,0,0,No,2,0,2778
100,Bachelors,2012,Bangalore,3,0,1,No,4,0,996
100,Bachelors,2012,Pune,3,0,1,No,3,0,4318
55,Bachelors,2012,Bangalore,3,0,1,No,1,1,3742
100,Bachelors,2013,Bangalore,3,0,1,No,4,0,2144
80,PHD,2017,Bangalore,3,0,1,No,1,0,593
25,Bachelors,2018,Bangalore,3,0,1,Yes,5,1,907
100,Bachelors,2014,Bangalore,3,0,1,No,5,0,4305
100,Bachelors,2015,Bangalore,3,0,0,No,0,0,2704
100,Bachelors,2013,Bangalore,3,0,1,No,2,0,2600
55,Bachelors,2013,Bangalore,3,0,1,No,3,1,43
25,Bachelors,2018,Bangalore,3,1,1,Yes,3,1,3782
55,Masters,2013,New Delhi,3,0,1,No,4,1,218
55,Bachelors,2015,Bangalore,3,0,1,No,2,1,4538
100,Bachelors,2014,Bangalore,3,0,1,No,3,0,3784
100,Bachelors,2012,Bangalore,3,0,1,No,2,0,4535
55,Bachelors,2016,Pune,3,0,0,No,2,1,1851
25,Bachelors,2018,Bangalore,3,0,1,No,1,1,3881
25,Bachelors,2018,Pune,3,0,1,No,5,1,2608
100,Bachelors,2013,Bangalore,3,0,1,No,4,0,778
55,Masters,2012,New Delhi,3,0,1,No,5,1,4461
25,Bachelors,2017,Bangalore,3,0,1,No,2,1,3088
25,Bachelors,2018,Pune,3,1,1,No,0,1,3358
55,Bachelors,2013,Pune,3,1,0,No,2,1,3534
70,Bachelors,2017,Bangalore,3,1,0,No,3,0,4496
100,Bachelors,2016,Bangalore,3,0,1,Yes,5,0,4265
100,Bachelors,2016,Bangalore,3,0,0,No,5,0,644
55,Bachelors,2015,Bangalore,3,0,1,No,1,1,4524
100,Bachelors,2012,Bangalore,3,0,1,No,3,0,177
100,Bachelors,2013,Bangalore,3,0,0,No,4,0,4510
110,PHD,2013,Bangalore,3,0,1,No,3,0,396
100,Bachelors,2016,Bangalore,3,0,0,No,5,0,1315
100,Bachelors,2016,Bangalore,3,0,1,No,2,0,4634
70,Bachelors,2017,Bangalore,3,0,0,No,3,0,3343
55,Bachelors,2015,Pune,3,0,0,Yes,1,1,2160
25,Bachelors,2018,Bangalore,3,0,1,No,4,1,1549
25,Bachelors,2017,Pune,3,0,0,No,3,1,1313
100,Bachelors,2015,Bangalore,3,0,0,No,5,0,1146
100,Bachelors,2013,Pune,3,0,1,No,2,0,4114
70,Bachelors,2017,Bangalore,3,0,1,No,3,0,1005
100,Masters,2012,New Delhi,3,0,1,Yes,2,0,1077
110,PHD,2013,New Delhi,3,0,0,No,5,0,2579
55,Bachelors,2012,Pune,3,0,0,No,2,1,1550
55,Bachelors,2012,Bangalore,3,0,1,No,0,1,2731
70,Bachelors,2017,New Delhi,3,0,1,No,5,0,4223
100,Bachelors,2016,Bangalore,3,0,1,Yes,0,0,1669
100,Bachelors,2015,Bangalore,3,0,1,No,5,0,3591
100,Bachelors,2013,New Delhi,3,0,0,No,3,0,838
100,Bachelors,2015,Bangalore,3,0,0,No,3,0,985
70,Bachelors,2017,Bangalore,3,0,1,No,2,0,1290
100,Bachelors,2013,Bangalore,3,0,0,No,4,0,4649
55,Masters,2014,New Delhi,3,0,0,No,1,1,4507
100,Bachelors,2012,Bangalore,3,0,1,Yes,2,0,4652
100,Bachelors,2012,Bangalore,3,0,1,Yes,2,0,2900
100,Bachelors,2015,Bangalore,3,0,1,No,3,0,165
100,Bachelors,2015,New Delhi,3,0,0,No,2,0,2103
100,Bachelors,2016,Pune,3,0,1,No,4,0,695
100,Bachelors,2014,Bangalore,3,0,1,No,0,0,4099
100,Bachelors,2015,New Delhi,3,1,1,No,2,0,3189
55,Bachelors,2012,Bangalore,3,0,1,No,4,1,4067
100,Bachelors,2015,Bangalore,3,0,0,No,4,0,3615
55,Bachelors,2015,New Delhi,3,1,1,No,3,1,3613
110,PHD,2013,Bangalore,3,0,1,No,5,0,2710
100,Masters,2014,New Delhi,3,0,1,No,2,0,4612
100,Bachelors,2014,Pune,3,0,1,No,4,0,1845
100,Bachelors,2015,Bangalore,3,0,1,No,4,0,4151
100,Bachelors,2013,Bangalore,3,0,0,No,5,0,2070
100,Bachelors,2013,Bangalore,3,0,1,No,1,0,3210
100,Bachelors,2013,Pune,3,0,1,No,2,0,4519
100,Bachelors,2014,Bangalore,3,0,0,No,4,0,1455
55,Bachelors,2015,Pune,3,0,0,Yes,5,1,1414
100,Bachelors,2013,New Delhi,3,0,0,No,1,0,2085
70,Bachelors,2017,Bangalore,3,0,1,No,0,0,3008
25,Bachelors,2018,Bangalore,3,0,1,No,1,1,2875
100,Bachelors,2015,New Delhi,3,0,0,No,2,0,1544
100,Bachelors,2012,Bangalore,3,0,1,No,5,0,1457
55,Bachelors,2014,Bangalore,3,0,1,No,2,1,4445
100,Bachelors,2014,Bangalore,3,0,0,No,3,0,2536
100,Bachelors,2014,Bangalore,3,0,1,No,5,0,3044
55,Bachelors,2014,New Delhi,3,0,0,No,5,1,2646
25,Bachelors,2017,Bangalore,3,0,0,No,2,1,817
100,Bachelors,2012,Bangalore,3,0,1,No,5,0,1761
70,Bachelors,2017,Bangalore,3,0,0,No,2,0,3271
100,Bachelors,2013,Bangalore,3,0,1,Yes,4,0,3444
70,Bachelors,2017,Bangalore,3,0,1,No,5,0,3969
70,Bachelors,2017,Bangalore,3,0,0,No,5,0,1234
100,Bachelors,2013,Bangalore,3,0,1,No,4,0,1385
100,Bachelors,2016,Bangalore,3,0,1,Yes,4,0,1110
25,Bachelors,2018,Bangalore,3,0,1,No,0,1,2935
55,Masters,2012,Pune,3,0,1,No,4,1,2675
25,Bachelors,2018,Bangalore,3,0,1,No,5,1,3872
100,Bachelors,2012,New Delhi,3,0,0,No,3,0,1326
70,Bachelors,2017,Bangalore,3,0,1,No,1,0,1061
25,Masters,2017,New Delhi,3,0,1,No,4,1,4514
100,Bachelors,2016,Bangalore,3,0,1,No,4,0,458
100,Bachelors,2014,Bangalore,3,0,1,No,3,0,1614
100,Bachelors,2014,Bangalore,3,0,0,No,0,0,4540
70,Bachelors,2017,New Delhi,3,0,0,No,0,0,1521
100,Bachelors,2014,Bangalore,3,0,1,No,3,0,952
100,Bachelors,2016,Bangalore,3,0,1,No,4,0,1638
55,Bachelors,2015,Bangalore,3,0,0,No,3,1,3808
70,Bachelors,2017,Pune,3,0,1,No,1,0,3245
70,Bachelors,2017,Pune,3,0,1,No,0,0,3191
55,Masters,2016,New Delhi,3,0,0,No,2,1,3864
25,Bachelors,2018,Bangalore,3,0,1,No,1,1,2053
100,Bachelors,2013,Bangalore,3,0,0,No,2,0,1880
25,Bachelors,2017,Pune,3,0,0,No,1,1,3184
100,Bachelors,2014,New Delhi,3,0,0,No,1,0,302
110,PHD,2015,Bangalore,3,1,1,No,3,0,3598
100,Bachelors,2012,Bangalore,3,0,1,No,2,0,3059
55,Masters,2014,New Delhi,3,0,1,No,4,1,305
25,Bachelors,2018,Bangalore,3,0,1,Yes,1,1,3576
25,Bachelors,2018,Bangalore,3,0,0,No,3,1,3645
100,Bachelors,2016,Bangalore,3,0,0,No,1,0,3403
100,Bachelors,2012,Bangalore,3,0,0,No,5,0,3760
55,Bachelors,2016,Bangalore,3,0,1,No,5,1,1622
100,Bachelors,2016,Bangalore,3,0,0,No,5,0,3328
100,Masters,2013,New Delhi,3,0,1,No,2,0,48
100,Bachelors,2015,Bangalore,3,0,0,No,1,0,4116
70,Bachelors,2017,Bangalore,3,0,1,No,3,0,3352
70,Bachelors,2017,New Delhi,3,0,0,Yes,5,0,55
70,Bachelors,2017,Bangalore,3,0,0,Yes,2,0,807
100,Bachelors,2012,Bangalore,3,0,1,No,4,0,288
70,Bachelors,2017,New Delhi,3,0,1,No,4,0,947
110,PHD,2016,New Delhi,3,0,0,No,5,0,1843
55,Bachelors,2014,Pune,3,0,0,No,4,1,2866
25,Bachelors,2017,Bangalore,3,0,1,No,0,1,3570
55,Masters,2016,Bangalore,3,0,1,No,5,1,4
100,Bachelors,2013,New Delhi,3,0,0,No,0,0,3214
100,Bachelors,2012,Bangalore,3,0,0,No,5,0,3244
55,Bachelors,2016,Bangalore,3,0,1,No,2,1,3662
100,Bachelors,2015,New Delhi,3,0,0,No,2,0,1513
100,Bachelors,2013,Bangalore,3,0,0,No,4,0,3186
100,Masters,2013,New Delhi,3,0,0,No,3,0,540
100,Bachelors,2014,New Delhi,3,0,1,No,2,0,981
100,Bachelors,2015,Pune,3,0,1,No,2,0,2161
100,Bachelors,2014,Bangalore,3,0,0,No,2,0,2181
100,Bachelors,2016,New Delhi,3,0,0,Yes,3,0,813
100,Bachelors,2013,Pune,3,0,1,No,5,0,4135
25,Bachelors,2018,Bangalore,3,0,1,No,2,1,863
100,Bachelors,2016,Bangalore,3,0,0,Yes,5,0,2093
100,Bachelors,2016,Bangalore,3,0,1,No,4,0,1227
100,Bachelors,2013,Bangalore,3,0,1,No,3,0,737
110,PHD,2013,Bangalore,3,0,1,No,2,0,4624
100,Bachelors,2013,New Delhi,3,0,0,No,5,0,2665
100,Bachelors,2016,New Delhi,3,0,1,No,4,0,1063
100,Bachelors,2016,Bangalore,3,0,1,No,0,0,3996
100,Bachelors,2013,Bangalore,3,0,1,No,3,0,4090
100,Bachelors,2013,New Delhi,3,0,0,Yes,5,0,2599
100,Bachelors,2014,Pune,3,0,0,No,5,0,4198
100,Bachelors,2013,Bangalore,3,0,1,No,5,0,2841
100,Bachelors,2013,Pune,3,0,1,No,4,0,1039
100,Masters,2015,Pune,3,0,1,No,5,0,3743
55,Bachelors,2015,Bangalore,3,0,1,No,4,1,1415
35,PHD,2018,New Delhi,3,0,0,No,2,1,3360
100,Bachelors,2013,Pune,3,0,1,No,2,0,2312
100,Bachelors,2014,Bangalore,3,0,1,No,4,0,706
100,Bachelors,2013,Bangalore,3,0,1,No,5,0,554
55,Masters,2012,Pune,3,0,0,No,5,1,478
100,Bachelors,2015,Bangalore,3,0,1,No,3,0,1578
100,Bachelors,2015,New Delhi,3,0,1,No,3,0,1814
55,Bachelors,2015,Pune,3,0,0,Yes,2,1,2000
100,Bachelors,2015,Bangalore,3,0,1,No,2,0,2255
100,Bachelors,2013,Pune,3,0,1,Yes,2,0,4577
100,Bachelors,2012,Bangalore,3,0,0,No,4,0,2470
55,Bachelors,2016,Bangalore,3,0,1,No,4,1,1505
